county,CZ,cz_label
1069,3,"Dothan, AL"
1023,9,"Meridian, MS"
1005,3,"Dothan, AL"
1107,4,"Tuscaloosa, AL"
1033,10,"Huntsville, AL"
4012,37,"Los Angeles, CA"
4001,32,"Gallup, NM"
5081,55,"Texarkana, TX"
5121,46,"Jonesboro, AR"
6037,37,"Los Angeles, CA"
6097,58,"San Francisco, CA"
6001,58,"San Francisco, CA"
6045,67,"Clearlake, CA & Ukiah, CA"
6015,63,"Brookings, OR & Crescent City, CA"
8077,79,"Grand Junction, CO"
8083,74,"Farmington, NM"
8067,74,"Farmington, NM"
6055,58,"San Francisco, CA"
10005,89,"Dover, DE"
12086,96,"Miami, FL"
12071,99,"Cape Coral, FL"
12037,102,"Carrabelle, FL & Eastpoint, FL"
12033,100,"Pensacola, FL"
17031,152,"Chicago, IL"
17017,146,"Springfield, IL"
17109,146,"Springfield, IL"
13245,116,"Augusta, GA"
17041,148,"Decatur, IL"
13103,115,"Savannah, GA"
16027,129,"Boise, ID"
26103,261,"Marquette, MI"
18061,168,"Louisville, KY"
19177,178,"Ottumwa, IA"
19045,158,"Dubuque, IA"
19163,156,"Davenport, IA"
18161,172,"Richmond, IN"
26107,275,"Cadillac, MI"
26063,272,"Detroit, MI"
36067,384,"Syracuse, NY"
20175,215,"Liberal, KS"
36071,388,"Poughkeepsie, NY"
8031,72,"Denver, CO"
36017,383,"Binghamton, NY"
21101,231,"Henderson, KY"
21195,236,"Pikeville, KY"
8019,72,"Denver, CO"
8055,83,"Trinidad, CO"
21093,230,"Elizabethtown, KY"
21127,236,"Pikeville, KY"
26099,272,"Detroit, MI"
21135,228,"Maysville, KY"
22051,240,"New Orleans, LA"
22111,243,"Monroe, LA"
22067,243,"Monroe, LA"
8091,79,"Grand Junction, CO"
23013,248,"Portland, ME"
23015,248,"Portland, ME"
24005,252,"Baltimore, MD"
24047,89,"Dover, DE"
24031,253,"Hagerstown, MD & Frederick, MD"
1051,1,"Montgomery, AL"
1009,5,"Birmingham, AL"
25001,254,"Boston, MA"
25013,258,"Springfield, MA"
26041,261,"Marquette, MI"
1025,2,"Mobile, AL"
1055,8,"Gadsden, AL"
26013,265,"Houghton, MI"
1115,5,"Birmingham, AL"
1065,4,"Tuscaloosa, AL"
27137,283,"Duluth, MN"
27107,279,"Fargo, ND"
27173,284,"Willmar, MN"
28087,302,"Starkville, MS & Columbus, MS"
29031,312,"Cape Girardeau, MO"
29201,312,"Cape Girardeau, MO"
29081,317,"Trenton, MO"
30031,326,"Bozeman, MT"
30071,340,"Malta, MT"
30085,337,"Glasgow, MT & Wolf Point, MT"
30089,343,"Thompson Falls, MT"
31103,352,"O'Neill, NE"
34011,368,"Trenton, NJ"
34041,369,"Newark, NJ & Jersey City, NJ"
34005,368,"Trenton, NJ"
34023,369,"Newark, NJ & Jersey City, NJ"
35041,374,"Clovis, NM"
37031,402,"Jacksonville, NC"
37165,398,"Fayetteville, NC"
37009,395,"Boone, NC"
37075,123,"Waynesville, NC"
38105,342,"Williston, ND"
38085,417,"Mobridge, SD"
39123,429,"Sandusky, OH"
39125,427,"Toledo, OH"
39035,420,"Cleveland, OH"
40095,435,"Ardmore, OK"
40013,435,"Ardmore, OK"
40023,57,"Idabel, OK & De Queen, AR & Mena, AR"
41033,457,"Medford, OR"
41045,129,"Boise, ID"
41001,447,"La Grande, OR"
41021,453,"Counties: Gilliam Co., OR, Wheeler Co., OR"
42045,90,"Philadelphia, PA"
42049,385,"Erie, PA"
42059,463,"Pittsburgh, PA"
45053,471,"Hilton Head Island, SC & Aiken, SC & Bluffton, SC"
45043,474,"Myrtle Beach, SC"
45091,394,"Charlotte, NC"
45057,394,"Charlotte, NC"
46009,354,"Yankton, SD"
47065,118,"Chattanooga, TN"
47163,489,"Johnson City, TN"
47009,486,"Knoxville, TN"
47019,489,"Johnson City, TN"
48273,499,"McAllen, TX"
48391,499,"McAllen, TX"
48201,501,"Houston, TX"
48443,532,"County: Terrell Co., TX"
48229,375,"El Paso, TX"
48205,379,"Dumas, TX"
48351,239,"Beaumont, TX & Lake Charles, LA"
54107,430,"Parkersburg, WV"
49037,538,"Moab, UT"
49033,132,"Evanston, WY"
50027,367,"Lebanon, NH & Claremont, NH"
51119,555,"Newport News, VA"
51131,541,"Chincoteague, VA"
51117,397,"Roanoke Rapids, NC"
51133,554,"Warsaw, VA & Tappahannock, VA"
51051,553,"Big Stone Gap, VA"
51107,551,"Winchester, VA"
51181,401,"Virginia Beach, VA"
53027,450,"Aberdeen, WA"
53053,561,"Seattle, WA"
53047,135,"Spokane, WA"
53071,460,"Kennewick, WA"
54031,251,"Cumberland, MD"
54023,251,"Cumberland, MD"
55121,296,"Eau Claire, WI"
55037,271,"Marinette, WI"
56045,579,"Gillette, WY"
5013,44,"El Dorado, AR"
5061,45,"Hot Springs, AR"
5099,45,"Hot Springs, AR"
5103,44,"El Dorado, AR"
6063,68,"Susanville, CA"
6101,62,"Sacramento, CA"
6021,61,"Redding, CA & Chico, CA"
8015,76,"Salida, CO"
8065,80,"Rifle, CO & Edwards, CO & Glenwood Springs, CO & Gypsum, CO"
8027,78,"Colorado Springs, CO"
12097,98,"Orlando, FL"
12119,98,"Orlando, FL"
12107,93,"Jacksonville, FL"
13219,120,"Athens, GA"
13135,109,"Gainesville, GA"
13009,108,"Milledgeville, GA"
13001,106,"Douglas, GA"
13271,121,"Dublin, GA"
13217,117,"Atlanta, GA"
13163,116,"Augusta, GA"
13267,115,"Savannah, GA"
13317,116,"Augusta, GA"
13319,108,"Milledgeville, GA"
13237,108,"Milledgeville, GA"
13079,113,"Macon, GA & Warner Robins, GA"
16013,134,"Twin Falls, ID"
16023,131,"Idaho Falls, ID"
16025,134,"Twin Falls, ID"
17065,151,"Mount Vernon, IL & Centralia, IL"
18055,173,"Bloomington, IN"
18051,162,"Evansville, IN"
18027,162,"Evansville, IN"
19039,187,"Osceola, IA"
19001,175,"Des Moines, IA"
20027,205,"Manhattan, KS"
20171,217,"Scott City, KS"
20047,204,"Dodge City, KS"
21115,236,"Pikeville, KY"
21175,223,"Mount Sterling, KY & Morehead, KY"
21095,237,"Harlan, KY & Cumberland, KY"
21187,221,"Lexington, KY"
21097,221,"Lexington, KY"
21197,223,"Mount Sterling, KY & Morehead, KY"
21069,228,"Maysville, KY"
21063,226,"Huntington, WV"
21079,221,"Lexington, KY"
22069,244,"Shreveport, LA"
22081,244,"Shreveport, LA"
22001,238,"Lafayette, LA"
23007,248,"Portland, ME"
25015,258,"Springfield, MA"
26095,268,"Sault Ste. Marie, MI"
27097,280,"St. Cloud, MN"
27023,284,"Willmar, MN"
27139,278,"Minneapolis, MN"
27087,279,"Fargo, ND"
28121,299,"Jackson, MS"
28083,301,"Greenwood, MS & Grenada, MS"
29113,160,"St. Louis, MO"
29167,310,"Springfield, MO"
29207,312,"Cape Girardeau, MO"
30013,325,"Great Falls, MT"
30093,331,"Missoula, MT"
30055,337,"Glasgow, MT & Wolf Point, MT"
30059,326,"Bozeman, MT"
30033,334,"County: Garfield Co., MT"
31071,359,"Ord, NE"
31115,359,"Ord, NE"
31075,360,"County: Grant Co., NE"
36053,384,"Syracuse, NY"
36077,383,"Binghamton, NY"
36051,390,"Rochester, NY"
37147,405,"Greenville, NC"
37085,398,"Fayetteville, NC"
37079,405,"Greenville, NC"
37125,398,"Fayetteville, NC"
37023,392,"Hickory, NC"
37021,400,"Asheville, NC"
37093,398,"Fayetteville, NC"
38073,413,"Lisbon, ND & Oakes, ND"
38007,344,"Dickinson, ND"
39101,419,"Mansfield, OH"
40027,437,"Oklahoma City, OK"
42071,462,"Harrisburg, PA & Lancaster, PA"
42043,462,"Harrisburg, PA & Lancaster, PA"
42067,468,"State College, PA"
42027,468,"State College, PA"
42035,466,"Williamsport, PA"
42063,464,"Altoona, PA"
42099,462,"Harrisburg, PA & Lancaster, PA"
45077,470,"Greenville, SC"
45041,474,"Myrtle Beach, SC"
45087,407,"Spartanburg, SC"
46103,479,"Rapid City, SD"
46095,356,"Valentine, NE"
47035,494,"Crossville, TN"
47021,490,"Nashville, TN"
47005,488,"Paris, TN"
47041,492,"Cookeville, TN"
47129,486,"Knoxville, TN"
47185,492,"Cookeville, TN"
47151,486,"Knoxville, TN"
47107,118,"Chattanooga, TN"
47117,487,"Murfreesboro, TN"
47003,487,"Murfreesboro, TN"
48373,498,"Lufkin, TX"
48139,445,"Dallas, TX"
48491,502,"Austin, TX"
48213,497,"Tyler, TX"
48005,498,"Lufkin, TX"
48441,512,"Abilene, TX"
48199,239,"Beaumont, TX & Lake Charles, LA"
48055,502,"Austin, TX"
48063,55,"Texarkana, TX"
48395,506,"College Station, TX"
48223,516,"Greenville, TX & Paris, TX"
48225,497,"Tyler, TX"
48341,379,"Dumas, TX"
48461,376,"Odessa, TX & Midland, TX"
48387,516,"Greenville, TX & Paris, TX"
48383,514,"San Angelo, TX"
48313,522,"Mexia, TX"
49051,536,"Salt Lake City, UT"
49057,536,"Salt Lake City, UT"
49035,536,"Salt Lake City, UT"
51101,544,"Richmond, VA"
51085,544,"Richmond, VA"
51003,542,"Charlottesville, VA"
51019,545,"Lynchburg, VA"
51067,547,"Roanoke, VA"
51015,546,"Harrisonburg, VA"
51113,552,"Culpeper, VA"
51053,544,"Richmond, VA"
51121,547,"Roanoke, VA"
51081,397,"Roanoke Rapids, NC"
53005,460,"Kennewick, WA"
54085,430,"Parkersburg, WV"
54033,566,"Morgantown, WV"
54017,566,"Morgantown, WV"
54043,565,"Charleston, WV"
54001,564,"Elkins, WV"
54007,566,"Morgantown, WV"
55111,574,"Madison, WI"
55107,571,"Rice Lake, WI"
72097,591,"San Germán, PR & Mayagüez, PR"
72031,590,"San Juan, PR"
72113,589,"Ponce, PR"
72039,588,"Arecibo, PR"
72047,590,"San Juan, PR"
72037,590,"San Juan, PR"
72067,591,"San Germán, PR & Mayagüez, PR"
21237,223,"Mount Sterling, KY & Morehead, KY"
48243,507,"Alpine, TX"
10003,90,"Philadelphia, PA"
6005,60,"Stockton, CA & Modesto, CA"
6089,61,"Redding, CA & Chico, CA"
4013,35,"Phoenix, AZ"
12127,101,"Deltona, FL"
12101,105,"Tampa, FL"
12123,92,"Gainesville, FL"
12017,98,"Orlando, FL"
12131,100,"Pensacola, FL"
12031,93,"Jacksonville, FL"
12053,105,"Tampa, FL"
12065,103,"Tallahassee, FL"
12039,103,"Tallahassee, FL"
17043,152,"Chicago, IL"
17161,156,"Davenport, IA"
13215,7,"Columbus, GA"
13039,93,"Jacksonville, FL"
13127,114,"Brunswick, GA"
13049,93,"Jacksonville, FL"
13241,123,"Waynesville, NC"
1089,10,"Huntsville, AL"
1071,8,"Gadsden, AL"
5007,42,"Fayetteville, AR"
4015,37,"Los Angeles, CA"
4005,34,"Prescott Valley, AZ & Flagstaff, AZ"
5073,48,"Magnolia, AR"
5133,57,"Idabel, OK & De Queen, AR & Mena, AR"
5021,46,"Jonesboro, AR"
5107,39,"Forrest City, AR"
5093,56,"Blytheville, AR"
5015,43,"Harrison, AR"
6083,71,"Santa Barbara, CA"
6111,37,"Los Angeles, CA"
6025,38,"Yuma, AZ"
6065,37,"Los Angeles, CA"
6051,66,"Bakersfield, CA"
6023,65,"Eureka, CA"
6093,69,"Klamath Falls, OR & Altamont, OR"
8071,83,"Trinidad, CO"
8123,84,"Fort Collins, CO"
8069,84,"Fort Collins, CO"
9110,88,"Hartford, CT & Bridgeport, CT"
38067,290,"Grafton, ND"
37007,394,"Charlotte, NC"
38053,342,"Williston, ND"
39095,427,"Toledo, OH"
39171,427,"Toledo, OH"
41015,63,"Brookings, OR & Crescent City, CA"
41039,448,"Eugene, OR"
41025,455,"Burns, OR"
42051,463,"Pittsburgh, PA"
42055,253,"Hagerstown, MD & Frederick, MD"
44007,256,"Providence, RI"
45003,471,"Hilton Head Island, SC & Aiken, SC & Bluffton, SC"
13251,115,"Savannah, GA"
12095,98,"Orlando, FL"
16033,131,"Idaho Falls, ID"
16049,137,"Lewiston, ID & Pullman, WA"
16069,137,"Lewiston, ID & Pullman, WA"
16059,138,"Salmon, ID"
17125,146,"Springfield, IL"
16021,135,"Spokane, WA"
17087,142,"Carbondale, IL"
18129,162,"Evansville, IN"
19111,155,"Burlington, IA"
26073,264,"Saginaw, MI"
26115,272,"Detroit, MI"
19051,178,"Ottumwa, IA"
19149,192,"Sioux City, IA"
19063,188,"Spencer, IA"
18081,166,"Indianapolis, IN"
20147,207,"Norton, KS"
36025,383,"Binghamton, NY"
36061,382,"New York, NY"
36065,384,"Syracuse, NY"
8059,72,"Denver, CO"
8037,80,"Rifle, CO & Edwards, CO & Glenwood Springs, CO & Gypsum, CO"
40147,202,"Bartlesville, OK"
21027,230,"Elizabethtown, KY"
40075,442,"Altus, OK"
40113,440,"Tulsa, OK"
8117,80,"Rifle, CO & Edwards, CO & Glenwood Springs, CO & Gypsum, CO"
36115,380,"Albany, NY"
36009,381,"Buffalo, NY"
21221,232,"Clarksville, TN"
22075,240,"New Orleans, LA"
8093,72,"Denver, CO"
8051,82,"Gunnison, CO"
22113,238,"Lafayette, LA"
22101,241,"Houma, LA"
8107,86,"Steamboat Springs, CO"
22017,244,"Shreveport, LA"
8029,79,"Grand Junction, CO"
22123,247,"Tallulah, LA"
22115,239,"Beaumont, TX & Lake Charles, LA"
23031,248,"Portland, ME"
22091,246,"Baton Rouge, LA"
23003,249,"Presque Isle, ME & Caribou, ME"
23017,248,"Portland, ME"
24037,91,"Washington, DC"
24017,91,"Washington, DC"
24021,253,"Hagerstown, MD & Frederick, MD"
24043,253,"Hagerstown, MD & Frederick, MD"
1043,5,"Birmingham, AL"
1001,1,"Montgomery, AL"
1121,6,"Anniston, AL"
25025,254,"Boston, MA"
25005,256,"Providence, RI"
1131,2,"Mobile, AL"
1091,4,"Tuscaloosa, AL"
27027,279,"Fargo, ND"
27017,283,"Duluth, MN"
27119,294,"Grand Forks, ND"
1041,1,"Montgomery, AL"
1085,1,"Montgomery, AL"
1063,4,"Tuscaloosa, AL"
28149,245,"Vicksburg, MS"
28153,304,"Hattiesburg, MS"
29143,312,"Cape Girardeau, MO"
29095,194,"Kansas City, MO"
29183,160,"St. Louis, MO"
29197,307,"Kirksville, MO"
29023,313,"Poplar Bluff, MO"
29157,312,"Cape Girardeau, MO"
30003,324,"Sheridan, WY"
30053,333,"Kalispell, MT"
30051,336,"County: Liberty Co., MT"
30005,325,"Great Falls, MT"
30083,342,"Williston, ND"
30001,323,"Dillon, MT"
30009,327,"Billings, MT"
32017,364,"St. George, UT"
32033,363,"Elko, NV"
33017,365,"Nashua, NH"
34009,368,"Trenton, NJ"
34015,368,"Trenton, NJ"
34003,369,"Newark, NJ & Jersey City, NJ"
34019,369,"Newark, NJ & Jersey City, NJ"
35017,36,"Deming, NM"
35045,74,"Farmington, NM"
35039,371,"Albuquerque, NM"
35007,373,"Las Vegas, NM"
36045,389,"Watertown, NY"
36019,387,"Plattsburgh, NY"
36031,387,"Plattsburgh, NY"
37095,396,"Washington, NC"
37055,401,"Virginia Beach, VA"
37129,399,"Wilmington, NC"
37119,394,"Charlotte, NC"
37137,402,"Jacksonville, NC"
37089,400,"Asheville, NC"
37115,400,"Asheville, NC"
37155,398,"Fayetteville, NC"
38017,279,"Fargo, ND"
13185,112,"Valdosta, GA"
13171,117,"Atlanta, GA"
13133,108,"Milledgeville, GA"
13183,115,"Savannah, GA"
13019,112,"Valdosta, GA"
13263,7,"Columbus, GA"
13191,114,"Brunswick, GA"
13205,107,"Albany, GA"
13141,108,"Milledgeville, GA"
13283,121,"Dublin, GA"
13265,108,"Milledgeville, GA"
15003,126,"Honolulu, HI"
15001,125,"Hilo, HI"
16063,134,"Twin Falls, ID"
16037,138,"Salmon, ID"
16039,129,"Boise, ID"
16003,130,"McCall, ID"
16029,132,"Evanston, WY"
17047,150,"Olney, IL"
18049,163,"Fort Wayne, IN"
18175,168,"Louisville, KY"
18013,164,"Columbus, IN"
18009,165,"Muncie, IN"
19105,180,"Cedar Rapids, IA"
19077,175,"Des Moines, IA"
20149,205,"Manhattan, KS"
20055,211,"Garden City, KS"
20167,209,"Hays, KS"
20135,217,"Scott City, KS"
20093,211,"Garden City, KS"
21029,168,"Louisville, KY"
21067,221,"Lexington, KY"
21209,221,"Lexington, KY"
21031,220,"Bowling Green, KY"
21025,229,"Hazard, KY"
21181,221,"Lexington, KY"
21155,219,"Bardstown, KY & Campbellsville, KY"
21085,230,"Elizabethtown, KY"
21177,220,"Bowling Green, KY"
45069,474,"Myrtle Beach, SC"
45007,470,"Greenville, SC"
45083,407,"Spartanburg, SC"
46127,192,"Sioux City, IA"
46013,477,"Aberdeen, SD"
47079,488,"Paris, TN"
47029,493,"Morristown, TN"
47155,493,"Morristown, TN"
47167,51,"Memphis, TN"
47147,490,"Nashville, TN"
48167,501,"Houston, TX"
48261,499,"McAllen, TX"
48479,306,"San Antonio, TX"
48409,499,"McAllen, TX"
48141,375,"El Paso, TX"
48321,501,"Houston, TX"
48245,239,"Beaumont, TX & Lake Charles, LA"
49025,34,"Prescott Valley, AZ & Flagstaff, AZ"
51141,556,"Martinsville, VA"
49005,139,"Logan, UT"
49043,536,"Salt Lake City, UT"
49047,535,"Vernal, UT"
49023,536,"Salt Lake City, UT"
50009,367,"Lebanon, NH & Claremont, NH"
51001,541,"Chincoteague, VA"
51095,555,"Newport News, VA"
51093,401,"Virginia Beach, VA"
51153,91,"Washington, DC"
51057,554,"Warsaw, VA & Tappahannock, VA"
51105,553,"Big Stone Gap, VA"
51195,553,"Big Stone Gap, VA"
51191,489,"Johnson City, TN"
51083,549,"South Boston, VA & Farmville, VA"
51059,91,"Washington, DC"
51171,546,"Harrisonburg, VA"
53073,561,"Seattle, WA"
53067,561,"Seattle, WA"
53033,561,"Seattle, WA"
53075,137,"Lewiston, ID & Pullman, WA"
53031,560,"Port Angeles, WA"
53065,135,"Spokane, WA"
54063,567,"Beckley, WV"
54073,430,"Parkersburg, WV"
54095,422,"Wheeling, WV"
54047,548,"Bluefield, WV"
54025,567,"Beckley, WV"
54027,551,"Winchester, VA"
54071,251,"Cumberland, MD"
55003,570,"Ashland, WI"
55011,296,"Eau Claire, WI"
4007,35,"Phoenix, AZ"
5023,47,"Heber Springs, AR"
5069,40,"Pine Bluff, AR"
5029,49,"Little Rock, AR"
5117,39,"Forrest City, AR"
5057,45,"Hot Springs, AR"
5067,53,"Searcy, AR"
5039,44,"El Dorado, AR"
6039,64,"Fresno, CA"
6047,60,"Stockton, CA & Modesto, CA"
6103,61,"Redding, CA & Chico, CA"
6115,62,"Sacramento, CA"
6043,64,"Fresno, CA"
8053,82,"Gunnison, CO"
8033,74,"Farmington, NM"
12001,92,"Gainesville, FL"
12073,103,"Tallahassee, FL"
12093,99,"Cape Coral, FL"
12013,94,"Panama City, FL"
12007,93,"Jacksonville, FL"
12023,92,"Gainesville, FL"
13089,117,"Atlanta, GA"
13139,109,"Gainesville, GA"
13153,113,"Macon, GA & Warner Robins, GA"
13137,109,"Gainesville, GA"
13157,109,"Gainesville, GA"
13279,121,"Dublin, GA"
13013,109,"Gainesville, GA"
13269,7,"Columbus, GA"
13113,117,"Atlanta, GA"
48455,498,"Lufkin, TX"
48015,501,"Houston, TX"
48035,504,"Killeen, TX"
48001,497,"Tyler, TX"
48119,516,"Greenville, TX & Paris, TX"
48469,511,"Victoria, TX"
48411,502,"Austin, TX"
48459,526,"Longview, TX"
48083,510,"Stephenville, TX & Brownwood, TX"
48153,508,"Plainview, TX"
48471,501,"Houston, TX"
48477,506,"College Station, TX"
48335,520,"Sweetwater, TX"
48343,55,"Texarkana, TX"
48263,503,"Snyder, TX"
48011,500,"Amarillo, TX"
21153,236,"Pikeville, KY"
21121,233,"Richmond, KY"
21017,221,"Lexington, KY"
21205,223,"Mount Sterling, KY & Morehead, KY"
21051,233,"Richmond, KY"
21043,226,"Huntington, WV"
21123,230,"Elizabethtown, KY"
22103,240,"New Orleans, LA"
22009,242,"Alexandria, LA"
22073,243,"Monroe, LA"
22127,244,"Shreveport, LA"
22097,238,"Lafayette, LA"
22025,242,"Alexandria, LA"
22077,246,"Baton Rouge, LA"
22041,247,"Tallulah, LA"
24027,252,"Baltimore, MD"
27053,278,"Minneapolis, MN"
27013,282,"Mankato, MN"
27039,287,"Rochester, MN"
28029,299,"Jackson, MS"
28089,299,"Jackson, MS"
28081,297,"Tupelo, MS"
28051,299,"Jackson, MS"
28073,304,"Hattiesburg, MS"
29057,310,"Springfield, MO"
29205,322,"Moberly, MO"
30063,331,"Missoula, MT"
30043,326,"Bozeman, MT"
30099,325,"Great Falls, MT"
30049,326,"Bozeman, MT"
30087,341,"Colstrip, MT & Lame Deer, MT"
30027,332,"Lewistown, MT"
30045,332,"Lewistown, MT"
30023,331,"Missoula, MT"
31167,346,"Norfolk, NE"
31101,347,"North Platte, NE"
32011,363,"Elko, NV"
32015,363,"Elko, NV"
34027,369,"Newark, NJ & Jersey City, NJ"
35033,373,"Las Vegas, NM"
35011,374,"Clovis, NM"
36091,380,"Albany, NY"
37015,397,"Roanoke Rapids, NC"
37027,392,"Hickory, NC"
37111,392,"Hickory, NC"
37153,398,"Fayetteville, NC"
37123,398,"Fayetteville, NC"
37083,397,"Roanoke Rapids, NC"
37059,404,"Winston-Salem, NC"
37199,400,"Asheville, NC"
38005,410,"Counties: Benson Co., ND, Nelson Co., ND, Ramsey Co., ND"
38003,409,"Valley City, ND"
38059,412,"Bismarck, ND"
38037,412,"Bismarck, ND"
39147,431,"Findlay, OH"
39059,430,"Parkersburg, WV"
40073,437,"Oklahoma City, OK"
41005,449,"Portland, OR"
41047,449,"Portland, OR"
41031,452,"Bend, OR"
42031,385,"Erie, PA"
42061,468,"State College, PA"
45085,472,"Columbia, SC"
45031,474,"Myrtle Beach, SC"
45035,473,"Charleston, SC"
45015,473,"Charleston, SC"
45025,474,"Myrtle Beach, SC"
45075,472,"Columbia, SC"
45055,472,"Columbia, SC"
45059,470,"Greenville, SC"
45017,472,"Columbia, SC"
45009,472,"Columbia, SC"
46003,475,"Mitchell, SD & Huron, SD"
47045,495,"Dyersburg, TN"
47093,486,"Knoxville, TN"
47189,490,"Nashville, TN"
47143,118,"Chattanooga, TN"
47053,491,"Jackson, TN"
47085,490,"Nashville, TN"
47159,490,"Nashville, TN"
47049,494,"Crossville, TN"
47145,486,"Knoxville, TN"
47105,486,"Knoxville, TN"
47055,496,"Spring Hill, TN"
47119,496,"Spring Hill, TN"
47121,118,"Chattanooga, TN"
47135,496,"Spring Hill, TN"
47127,487,"Murfreesboro, TN"
48091,306,"San Antonio, TX"
48453,502,"Austin, TX"
48475,376,"Odessa, TX & Midland, TX"
48161,522,"Mexia, TX"
48073,497,"Tyler, TX"
48293,522,"Mexia, TX"
48499,497,"Tyler, TX"
48333,510,"Stephenville, TX & Brownwood, TX"
48317,376,"Odessa, TX & Midland, TX"
23025,248,"Portland, ME"
24033,91,"Washington, DC"
24015,90,"Philadelphia, PA"
1101,1,"Montgomery, AL"
1095,8,"Gadsden, AL"
25017,254,"Boston, MA"
25027,254,"Boston, MA"
26083,265,"Houghton, MI"
1109,1,"Montgomery, AL"
27167,279,"Fargo, ND"
27073,284,"Willmar, MN"
27089,294,"Grand Forks, ND"
28055,300,"Greenville, MS"
28021,245,"Vicksburg, MS"
29013,194,"Kansas City, MO"
29087,195,"St. Joseph, MO"
30081,331,"Missoula, MT"
31095,358,"Lincoln, NE"
32003,362,"Las Vegas, NV"
33007,367,"Lebanon, NH & Claremont, NH"
34033,368,"Trenton, NJ"
34021,368,"Trenton, NJ"
35055,378,"Taos, NM"
36013,385,"Erie, PA"
37019,399,"Wilmington, NC"
37113,123,"Waynesville, NC"
37013,396,"Washington, NC"
37139,401,"Virginia Beach, VA"
37173,123,"Waynesville, NC"
38099,290,"Grafton, ND"
39167,430,"Parkersburg, WV"
39061,225,"Cincinnati, OH"
40065,442,"Altus, OK"
40079,443,"McAlester, OK"
40135,50,"Fort Smith, AR"
41035,69,"Klamath Falls, OR & Altamont, OR"
42133,462,"Harrisburg, PA & Lancaster, PA"
42095,465,"Allentown, PA"
42127,469,"Scranton, PA"
45019,473,"Charleston, SC"
45021,407,"Spartanburg, SC"
46023,480,"Parkston, SD"
47157,51,"Memphis, TN"
47025,224,"Middlesborough, KY"
48071,501,"Houston, TX"
48323,517,"Del Rio, TX & Eagle Pass, TX"
48203,526,"Longview, TX"
48037,55,"Texarkana, TX"
48277,516,"Greenville, TX & Paris, TX"
48359,500,"Amarillo, TX"
48315,526,"Longview, TX"
49019,538,"Moab, UT"
49045,536,"Salt Lake City, UT"
51099,550,"Fredericksburg, VA"
51027,548,"Bluefield, WV"
53055,563,"Friday Harbor, WA"
53011,449,"Portland, OR"
53045,561,"Seattle, WA"
53019,135,"Spokane, WA"
54037,551,"Winchester, VA"
55051,273,"Ironwood, MI"
55007,570,"Ashland, WI"
56029,578,"Cody, WY"
4025,34,"Prescott Valley, AZ & Flagstaff, AZ"
49029,536,"Salt Lake City, UT"
49011,536,"Salt Lake City, UT"
51031,545,"Lynchburg, VA"
51075,544,"Richmond, VA"
51033,550,"Fredericksburg, VA"
51155,547,"Roanoke, VA"
51161,547,"Roanoke, VA"
51149,544,"Richmond, VA"
51147,549,"South Boston, VA & Farmville, VA"
51157,552,"Culpeper, VA"
51029,549,"South Boston, VA & Farmville, VA"
51660,546,"Harrisonburg, VA"
51007,544,"Richmond, VA"
51097,544,"Richmond, VA"
53077,562,"Yakima, WA"
53017,559,"Wenatchee, WA"
53041,561,"Seattle, WA"
53043,135,"Spokane, WA"
54021,566,"Morgantown, WV"
54045,236,"Pikeville, KY"
54081,567,"Beckley, WV"
54093,564,"Elkins, WV"
55133,576,"Milwaukee, WI"
31091,349,"Broken Bow, NE"
1003,2,"Mobile, AL"
1129,2,"Mobile, AL"
5139,44,"El Dorado, AR"
6073,59,"San Diego, CA"
6081,58,"San Francisco, CA"
6091,68,"Susanville, CA"
6017,59,"San Diego, CA"
6007,61,"Redding, CA & Chico, CA"
9170,88,"Hartford, CT & Bridgeport, CT"
6109,60,"Stockton, CA & Modesto, CA"
4021,35,"Phoenix, AZ"
12075,92,"Gainesville, FL"
12045,94,"Panama City, FL"
16087,129,"Boise, ID"
13073,116,"Augusta, GA"
13313,110,"Dalton, GA"
13143,6,"Anniston, AL"
16073,129,"Boise, ID"
16043,131,"Idaho Falls, ID"
17003,142,"Carbondale, IL"
18047,170,"Greensburg, IN"
26089,263,"Traverse City, MI"
18147,162,"Evansville, IN"
18183,163,"Fort Wayne, IN"
8109,73,"Alamosa, CO"
26121,262,"Grand Rapids, MI"
21133,229,"Hazard, KY"
40125,437,"Oklahoma City, OK"
8043,78,"Colorado Springs, CO"
26047,267,"Petoskey, MI & Cheboygan, MI"
8013,72,"Denver, CO"
8049,81,"Laramie, WY"
22045,238,"Lafayette, LA"
22107,247,"Tallulah, LA"
22019,239,"Beaumont, TX & Lake Charles, LA"
22125,246,"Baton Rouge, LA"
42029,90,"Philadelphia, PA"
45029,473,"Charleston, SC"
16007,132,"Evanston, WY"
17185,162,"Evansville, IN"
17129,146,"Springfield, IL"
26163,272,"Detroit, MI"
18083,153,"Vincennes, IN"
19195,185,"Mason City, IA & Austin, MN"
18073,174,"Hammond, IN & Michigan City, IN & Gary, IN"
36047,382,"New York, NY"
26055,263,"Traverse City, MI"
40087,437,"Oklahoma City, OK"
36043,384,"Syracuse, NY"
21059,235,"Owensboro, KY"
26053,273,"Ironwood, MI"
5041,40,"Pine Bluff, AR"
6011,62,"Sacramento, CA"
12083,98,"Orlando, FL"
12049,104,"Winter Haven, FL & Lakeland, FL"
12125,93,"Jacksonville, FL"
13311,109,"Gainesville, GA"
13151,117,"Atlanta, GA"
13105,120,"Athens, GA"
13303,108,"Milledgeville, GA"
13149,6,"Anniston, AL"
13229,114,"Brunswick, GA"
16041,139,"Logan, UT"
17175,156,"Davenport, IA"
18041,172,"Richmond, IN"
19127,181,"Waterloo, IA"
19021,183,"Storm Lake, IA"
20161,205,"Manhattan, KS"
21151,233,"Richmond, KY"
21013,224,"Middlesborough, KY"
21125,233,"Richmond, KY"
21183,235,"Owensboro, KY"
21055,231,"Henderson, KY"
21231,234,"Somerset, KY"
21131,229,"Hazard, KY"
21189,229,"Hazard, KY"
22071,240,"New Orleans, LA"
22099,238,"Lafayette, LA"
22039,238,"Lafayette, LA"
23021,250,"Bangor, ME"
26135,270,"Houghton Lake, MI"
27015,282,"Mankato, MN"
27145,280,"St. Cloud, MN"
28111,304,"Hattiesburg, MS"
29041,315,"Chillicothe, MO"
29027,309,"Columbia, MO"
29075,320,"Maryville, MO"
29029,314,"Osage Beach, MO & Eldon, MO & Camdenton, MO"
30007,326,"Bozeman, MT"
30025,328,"Baker, MT"
31171,349,"Broken Bow, NE"
34035,369,"Newark, NJ & Jersey City, NJ"
37101,403,"Raleigh, NC"
37099,123,"Waynesville, NC"
38083,414,"Carrington, ND"
40145,440,"Tulsa, OK"
40133,437,"Oklahoma City, OK"
41013,452,"Bend, OR"
41061,447,"La Grande, OR"
42091,90,"Philadelphia, PA"
42013,464,"Altoona, PA"
42033,385,"Erie, PA"
42113,466,"Williamsport, PA"
45047,470,"Greenville, SC"
45067,474,"Myrtle Beach, SC"
46137,481,"Eagle Butte, SD & North Eagle Butte, SD"
47097,495,"Dyersburg, TN"
47063,493,"Morristown, TN"
47173,486,"Knoxville, TN"
47057,493,"Morristown, TN"
48135,376,"Odessa, TX & Midland, TX"
48401,526,"Longview, TX"
48103,376,"Odessa, TX & Midland, TX"
48115,505,"Lubbock, TX"
48089,515,"Gonzales, TX"
48287,502,"Austin, TX"
48347,530,"Nacogdoches, TX"
48025,499,"McAllen, TX"
48405,530,"Nacogdoches, TX"
48319,524,"Kerrville, TX"
48173,376,"Odessa, TX & Midland, TX"
49007,534,"Price, UT"
49017,537,"Richfield, UT"
51041,544,"Richmond, VA"
51177,550,"Fredericksburg, VA"
51163,557,"Lexington, VA & Buena Vista, VA"
51023,547,"Roanoke, VA"
51137,552,"Culpeper, VA"
51063,547,"Roanoke, VA"
51125,542,"Charlottesville, VA"
53037,562,"Yakima, WA"
54039,565,"Charleston, WV"
54049,566,"Morgantown, WV"
54109,567,"Beckley, WV"
55001,569,"Wausau, WI"
72141,584,"Utuado, PR"
72003,585,"Aguadilla, PR"
72023,591,"San Germán, PR & Mayagüez, PR"
17097,152,"Chicago, IL"
17029,148,"Decatur, IL"
5009,43,"Harrison, AR"
6059,37,"Los Angeles, CA"
6041,58,"San Francisco, CA"
6085,70,"San Jose, CA"
6077,60,"Stockton, CA & Modesto, CA"
6019,64,"Fresno, CA"
9180,88,"Hartford, CT & Bridgeport, CT"
40089,57,"Idabel, OK & De Queen, AR & Mena, AR"
41019,451,"Roseburg, OR"
41051,449,"Portland, OR"
42111,464,"Altoona, PA"
42101,90,"Philadelphia, PA"
30015,325,"Great Falls, MT"
30073,335,"Shelby, MT & Cut Bank, MT & North Browning, MT & Conrad, MT"
31155,358,"Lincoln, NE"
31085,355,"McCook, NE"
36111,388,"Poughkeepsie, NY"
37167,394,"Charlotte, NC"
37193,404,"Winston-Salem, NC"
37117,396,"Washington, NC"
38071,410,"Counties: Benson Co., ND, Nelson Co., ND, Ramsey Co., ND"
39127,428,"Columbus, OH"
40117,440,"Tulsa, OK"
41023,454,"John Day, OR"
41003,448,"Eugene, OR"
45049,471,"Hilton Head Island, SC & Aiken, SC & Bluffton, SC"
46093,479,"Rapid City, SD"
46041,481,"Eagle Butte, SD & North Eagle Butte, SD"
46117,485,"Pierre, SD"
47059,489,"Johnson City, TN"
47031,487,"Murfreesboro, TN"
47187,490,"Nashville, TN"
47037,490,"Nashville, TN"
48339,501,"Houston, TX"
48227,376,"Odessa, TX & Midland, TX"
48289,522,"Mexia, TX"
48241,239,"Beaumont, TX & Lake Charles, LA"
48449,55,"Texarkana, TX"
51127,544,"Richmond, VA"
51103,554,"Warsaw, VA & Tappahannock, VA"
51139,546,"Harrisonburg, VA"
51017,543,"Covington, VA"
51036,544,"Richmond, VA"
53021,460,"Kennewick, WA"
53025,558,"Moses Lake, WA"
54087,565,"Charleston, WV"
55057,289,"La Crosse, WI"
56013,582,"Riverton, WY"
5003,40,"Pine Bluff, AR"
6053,70,"San Jose, CA"
13027,112,"Valdosta, GA"
16079,133,"Coeur d'Alene, ID"
17189,151,"Mount Vernon, IL & Centralia, IL"
18089,174,"Hammond, IN & Michigan City, IN & Gary, IN"
26029,267,"Petoskey, MI & Cheboygan, MI"
36081,382,"New York, NY"
21007,159,"Paducah, KY"
21089,226,"Huntington, WV"
8005,72,"Denver, CO"
24025,252,"Baltimore, MD"
1117,5,"Birmingham, AL"
25011,258,"Springfield, MA"
29227,320,"Maryville, MO"
37133,402,"Jacksonville, NC"
37131,397,"Roanoke Rapids, NC"
40141,438,"Wichita Falls, TX & Lawton, OK"
42125,463,"Pittsburgh, PA"
45073,470,"Greenville, SC"
48403,530,"Nacogdoches, TX"
22105,246,"Baton Rouge, LA"
23027,248,"Portland, ME"
24035,89,"Dover, DE"
24001,251,"Cumberland, MD"
27031,285,"Grand Marais, MN"
27075,283,"Duluth, MN"
27077,292,"Roseau, MN"
28109,240,"New Orleans, LA"
28103,302,"Starkville, MS & Columbus, MS"
29171,307,"Kirksville, MO"
30061,331,"Missoula, MT"
30105,337,"Glasgow, MT & Wolf Point, MT"
30035,335,"Shelby, MT & Cut Bank, MT & North Browning, MT & Conrad, MT"
32031,361,"Reno, NV"
33015,365,"Nashua, NH"
33009,367,"Lebanon, NH & Claremont, NH"
34001,368,"Trenton, NJ"
37039,124,"Andrews, NC"
37177,396,"Washington, NC"
37053,401,"Virginia Beach, VA"
37029,401,"Virginia Beach, VA"
37161,407,"Spartanburg, SC"
38077,279,"Fargo, ND"
38097,294,"Grand Forks, ND"
13315,111,"Tifton, GA"
13025,114,"Brunswick, GA"
15007,128,"Kapaa, HI"
16031,136,"Burley, ID"
19179,178,"Ottumwa, IA"
19035,183,"Storm Lake, IA"
20081,215,"Liberal, KS"
21167,227,"Danville, KY"
21235,233,"Richmond, KY"
21239,221,"Lexington, KY"
21217,219,"Bardstown, KY & Campbellsville, KY"
21099,222,"Glasgow, KY"
47013,486,"Knoxville, TN"
47073,489,"Johnson City, TN"
47183,159,"Paducah, KY"
47123,486,"Knoxville, TN"
48215,499,"McAllen, TX"
48057,511,"Victoria, TX"
48465,517,"Del Rio, TX & Eagle Pass, TX"
48419,530,"Nacogdoches, TX"
51159,554,"Warsaw, VA & Tappahannock, VA"
51069,551,"Winchester, VA"
51165,546,"Harrisonburg, VA"
53057,561,"Seattle, WA"
53049,450,"Aberdeen, WA"
55023,177,"Platteville, WI"
4009,36,"Deming, NM"
5011,40,"Pine Bluff, AR"
5109,45,"Hot Springs, AR"
5145,53,"Searcy, AR"
5085,49,"Little Rock, AR"
5019,45,"Hot Springs, AR"
12105,104,"Winter Haven, FL & Lakeland, FL"
12055,104,"Winter Haven, FL & Lakeland, FL"
12133,94,"Panama City, FL"
12029,92,"Gainesville, FL"
48507,517,"Del Rio, TX & Eagle Pass, TX"
48349,445,"Dallas, TX"
48051,506,"College Station, TX"
48473,501,"Houston, TX"
48185,506,"College Station, TX"
48033,505,"Lubbock, TX"
49049,536,"Salt Lake City, UT"
22021,243,"Monroe, LA"
22063,246,"Baton Rouge, LA"
22059,242,"Alexandria, LA"
23023,248,"Portland, ME"
26071,271,"Marinette, WI"
27061,283,"Duluth, MN"
28049,299,"Jackson, MS"
28161,303,"Oxford, MS"
28163,299,"Jackson, MS"
28053,300,"Greenville, MS"
12009,95,"Palm Bay, FL & Port St. Lucie, FL"
4027,38,"Yuma, AZ"
5131,50,"Fort Smith, AR"
6013,58,"San Francisco, CA"
9130,88,"Hartford, CT & Bridgeport, CT"
41055,456,"The Dalles, OR"
16083,134,"Twin Falls, ID"
16035,137,"Lewiston, ID & Pullman, WA"
26147,272,"Detroit, MI"
19185,187,"Osceola, IA"
36103,382,"New York, NY"
21003,220,"Bowling Green, KY"
8097,80,"Rifle, CO & Edwards, CO & Glenwood Springs, CO & Gypsum, CO"
23005,248,"Portland, ME"
1035,11,"Andalusia, AL & Atmore, AL"
28143,51,"Memphis, TN"
29189,160,"St. Louis, MO"
30029,333,"Kalispell, MT"
37043,124,"Andrews, NC"
49003,139,"Logan, UT"
51179,550,"Fredericksburg, VA"
12129,103,"Tallahassee, FL"
13021,113,"Macon, GA & Warner Robins, GA"
13029,115,"Savannah, GA"
16077,131,"Idaho Falls, ID"
19031,180,"Cedar Rapids, IA"
21119,229,"Hazard, KY"
22053,239,"Beaumont, TX & Lake Charles, LA"
27021,277,"Bemidji, MN & Brainerd, MN"
30079,329,"Miles City, MT"
37159,394,"Charlotte, NC"
39021,424,"Dayton, OH"
45005,471,"Hilton Head Island, SC & Aiken, SC & Bluffton, SC"
46055,483,"Counties: Haakon Co., SD, Jackson Co., SD"
48041,506,"College Station, TX"
48053,502,"Austin, TX"
48407,501,"Houston, TX"
51111,549,"South Boston, VA & Farmville, VA"
51840,551,"Winchester, VA"
54067,568,"Summersville, WV"
72127,590,"San Juan, PR"
12057,105,"Tampa, FL"
12047,92,"Gainesville, FL"
13051,115,"Savannah, GA"
1049,8,"Gadsden, AL"
5091,55,"Texarkana, TX"
8113,79,"Grand Junction, CO"
6033,67,"Clearlake, CA & Ukiah, CA"
39161,418,"Lima, OH"
42017,90,"Philadelphia, PA"
45013,471,"Hilton Head Island, SC & Aiken, SC & Bluffton, SC"
36063,381,"Buffalo, NY"
36119,388,"Poughkeepsie, NY"
36105,388,"Poughkeepsie, NY"
8001,72,"Denver, CO"
22029,245,"Vicksburg, MS"
22037,246,"Baton Rouge, LA"
24019,89,"Dover, DE"
1073,5,"Birmingham, AL"
25007,257,"Vineyard Haven, MA"
26141,260,"Alpena, MI"
27069,290,"Grafton, ND"
28157,298,"McComb, MS & Brookhaven, MS"
29037,194,"Kansas City, MO"
34031,369,"Newark, NJ & Jersey City, NJ"
37141,399,"Wilmington, NC"
37091,397,"Roanoke Rapids, NC"
13305,115,"Savannah, GA"
13195,120,"Athens, GA"
13289,113,"Macon, GA & Warner Robins, GA"
16085,130,"McCall, ID"
19075,181,"Waterloo, IA"
21179,219,"Bardstown, KY & Campbellsville, KY"
47165,490,"Nashville, TN"
48427,499,"McAllen, TX"
48377,507,"Alpine, TX"
51143,391,"Burlington, NC"
53015,449,"Portland, OR"
54057,251,"Cumberland, MD"
5045,49,"Little Rock, AR"
5095,39,"Forrest City, AR"
12117,98,"Orlando, FL"
12041,92,"Gainesville, FL"
48239,511,"Victoria, TX"
48019,306,"San Antonio, TX"
21005,221,"Lexington, KY"
22015,244,"Shreveport, LA"
29033,315,"Chillicothe, MO"
30077,331,"Missoula, MT"
30069,339,"County: Petroleum Co., MT"
37087,123,"Waynesville, NC"
37121,400,"Asheville, NC"
40101,433,"Muskogee, OK"
42097,466,"Williamsport, PA"
45061,472,"Columbia, SC"
45027,472,"Columbia, SC"
47001,486,"Knoxville, TN"
47081,490,"Nashville, TN"
48381,500,"Amarillo, TX"
48481,501,"Houston, TX"
51047,552,"Culpeper, VA"
54013,565,"Charleston, WV"
54083,564,"Elkins, WV"
56003,578,"Cody, WY"
6079,71,"Santa Barbara, CA"
6057,62,"Sacramento, CA"
17197,152,"Chicago, IL"
17165,154,"Harrisburg, IL"
26109,271,"Marinette, WI"
36113,380,"Albany, NY"
22031,244,"Shreveport, LA"
1047,4,"Tuscaloosa, AL"
1099,11,"Andalusia, AL & Atmore, AL"
30057,326,"Bozeman, MT"
36075,384,"Syracuse, NY"
40067,438,"Wichita Falls, TX & Lawton, OK"
44005,256,"Providence, RI"
48007,499,"McAllen, TX"
54011,226,"Huntington, WV"
55075,271,"Marinette, WI"
5111,46,"Jonesboro, AR"
12121,92,"Gainesville, FL"
13075,112,"Valdosta, GA"
16005,131,"Idaho Falls, ID"
21109,233,"Richmond, KY"
22079,242,"Alexandria, LA"
27129,284,"Willmar, MN"
29211,307,"Kirksville, MO"
30047,333,"Kalispell, MT"
35043,371,"Albuquerque, NM"
42023,467,"St. Marys, PA"
47149,487,"Murfreesboro, TN"
48187,306,"San Antonio, TX"
48189,508,"Plainview, TX"
49015,534,"Price, UT"
51167,548,"Bluefield, WV"
54019,567,"Beckley, WV"
13007,107,"Albany, GA"
12103,105,"Tampa, FL"
46123,482,"Winner, SD"
48355,499,"McAllen, TX"
48043,507,"Alpine, TX"
51185,548,"Bluefield, WV"
54065,551,"Winchester, VA"
12069,98,"Orlando, FL"
13107,115,"Savannah, GA"
13181,116,"Augusta, GA"
19029,179,"Denison, IA & Atlantic, IA"
21107,231,"Henderson, KY"
22083,247,"Tallulah, LA"
27171,293,"Otsego, MN & St. Michael, MN"
35021,373,"Las Vegas, NM"
39079,432,"Chillicothe, OH & Portsmouth, OH"
41043,448,"Eugene, OR"
48029,306,"San Antonio, TX"
48423,497,"Tyler, TX"
48311,306,"San Antonio, TX"
49013,535,"Vernal, UT"
51009,545,"Lynchburg, VA"
72015,589,"Ponce, PR"
11001,91,"Washington, DC"
12089,93,"Jacksonville, FL"
6087,70,"San Jose, CA"
8023,73,"Alamosa, CO"
41007,450,"Aberdeen, WA"
42103,469,"Scranton, PA"
17153,142,"Carbondale, IL"
18123,162,"Evansville, IN"
36059,382,"New York, NY"
26097,268,"Sault Ste. Marie, MI"
22087,240,"New Orleans, LA"
22035,247,"Tallulah, LA"
25009,254,"Boston, MA"
28151,300,"Greenville, MS"
29099,160,"St. Louis, MO"
34013,369,"Newark, NJ & Jersey City, NJ"
13291,124,"Andrews, NC"
13309,121,"Dublin, GA"
17027,151,"Mount Vernon, IL & Centralia, IL"
18157,161,"Lafayette, IN"
20069,204,"Dodge City, KS"
45045,470,"Greenville, SC"
48061,499,"McAllen, TX"
54059,236,"Pikeville, KY"
55029,572,"Green Bay, WI"
5001,39,"Forrest City, AR"
12077,94,"Panama City, FL"
13261,122,"Americus, GA"
48353,520,"Sweetwater, TX"
21203,233,"Richmond, KY"
22033,246,"Baton Rouge, LA"
29195,311,"Sedalia, MO & Warrensburg, MO"
13033,116,"Augusta, GA"
13301,116,"Augusta, GA"
13221,120,"Athens, GA"
16015,129,"Boise, ID"
18125,162,"Evansville, IN"
20203,217,"Scott City, KS"
21033,231,"Henderson, KY"
45065,470,"Greenville, SC"
47091,395,"Boone, NC"
48039,501,"Houston, TX"
51193,550,"Fredericksburg, VA"
53035,561,"Seattle, WA"
54103,422,"Wheeling, WV"
55043,177,"Platteville, WI"
5147,53,"Searcy, AR"
8057,81,"Laramie, WY"
48447,518,"Graham, TX"
48301,376,"Odessa, TX & Midland, TX"
21147,234,"Somerset, KY"
22043,242,"Alexandria, LA"
30039,331,"Missoula, MT"
35019,373,"Las Vegas, NM"
37065,406,"Rocky Mount, NC & Wilson, NC"
37017,398,"Fayetteville, NC"
45079,472,"Columbia, SC"
45089,474,"Myrtle Beach, SC"
46075,356,"Valentine, NE"
47033,491,"Jackson, TN"
47089,493,"Morristown, TN"
48379,516,"Greenville, TX & Paris, TX"
28033,51,"Memphis, TN"
38035,294,"Grand Forks, ND"
45051,474,"Myrtle Beach, SC"
54099,226,"Huntington, WV"
56007,580,"Rock Springs, WY"
51145,544,"Richmond, VA"
51005,543,"Covington, VA"
5017,40,"Pine Bluff, AR"
8011,75,"Lamar, CO"
13121,117,"Atlanta, GA"
15009,127,"Kahului, HI & Kihei, HI"
18071,164,"Columbus, IN"
22055,238,"Lafayette, LA"
28137,51,"Memphis, TN"
29019,309,"Columbia, MO"
35051,375,"El Paso, TX"
48105,514,"San Angelo, TX"
49055,537,"Richfield, UT"
51830,555,"Newport News, VA"
6107,64,"Fresno, CA"
41065,456,"The Dalles, OR"
37163,405,"Greenville, NC"
42089,469,"Scranton, PA"
48265,524,"Kerrville, TX"
56035,140,"Jackson, WY"
24029,89,"Dover, DE"
37047,399,"Wilmington, NC"
18069,163,"Fort Wayne, IN"
51199,555,"Newport News, VA"
53029,561,"Seattle, WA"
5075,46,"Jonesboro, AR"
27103,282,"Mankato, MN"
5025,40,"Pine Bluff, AR"
6113,62,"Sacramento, CA"
26035,264,"Saginaw, MI"
21159,236,"Pikeville, KY"
22057,241,"Houma, LA"
26007,260,"Alpena, MI"
27163,278,"Minneapolis, MN"
29069,56,"Blytheville, AR"
39043,429,"Sandusky, OH"
12109,93,"Jacksonville, FL"
12035,101,"Deltona, FL"
37051,398,"Fayetteville, NC"
38055,412,"Bismarck, ND"
39073,428,"Columbus, OH"
41017,452,"Bend, OR"
45063,472,"Columbia, SC"
48371,531,"Fort Stockton, TX"
26003,261,"Marquette, MI"
34007,368,"Trenton, NJ"
48361,239,"Beaumont, TX & Lake Charles, LA"
54003,551,"Winchester, VA"
51187,551,"Winchester, VA"
51640,393,"Wytheville, VA & Galax, VA"
6069,70,"San Jose, CA"
22065,247,"Tallulah, LA"
8035,72,"Denver, CO"
6009,60,"Stockton, CA & Modesto, CA"
8111,80,"Rifle, CO & Edwards, CO & Glenwood Springs, CO & Gypsum, CO"
13189,116,"Augusta, GA"
16061,137,"Lewiston, ID & Pullman, WA"
19107,178,"Ottumwa, IA"
21011,223,"Mount Sterling, KY & Morehead, KY"
22013,243,"Monroe, LA"
37127,406,"Rocky Mount, NC & Wilson, NC"
37057,404,"Winston-Salem, NC"
42129,463,"Pittsburgh, PA"
51087,544,"Richmond, VA"
51175,401,"Virginia Beach, VA"
55067,569,"Wausau, WI"
48155,521,"Vernon, TX"
13213,110,"Dalton, GA"
9190,88,"Hartford, CT & Bridgeport, CT"
37103,402,"Jacksonville, NC"
47113,491,"Jackson, TN"
48467,376,"Odessa, TX & Midland, TX"
54005,565,"Charleston, WV"
24009,91,"Washington, DC"
28001,245,"Vicksburg, MS"
20025,204,"Dodge City, KS"
9140,88,"Hartford, CT & Bridgeport, CT"
13031,115,"Savannah, GA"
27127,284,"Willmar, MN"
6095,58,"San Francisco, CA"
29199,307,"Kirksville, MO"
13179,115,"Savannah, GA"
1097,2,"Mobile, AL"
1039,11,"Andalusia, AL & Atmore, AL"
1119,4,"Tuscaloosa, AL"
1075,12,"Hamilton, AL"
1029,6,"Anniston, AL"
4017,32,"Gallup, NM"
5035,51,"Memphis, TN"
6099,60,"Stockton, CA & Modesto, CA"
5055,46,"Jonesboro, AR"
8081,86,"Steamboat Springs, CO"
8115,87,"Sidney, NE"
12087,96,"Miami, FL"
12081,97,"North Port, FL & Port Charlotte, FL"
9120,88,"Hartford, CT & Bridgeport, CT"
17171,146,"Springfield, IL"
17001,141,"Quincy, IL"
17095,156,"Davenport, IA"
13147,120,"Athens, GA"
17083,143,"Alton, IL"
17091,157,"Kankakee, IL"
13285,7,"Columbus, GA"
16075,129,"Boise, ID"
12051,99,"Cape Coral, FL"
17135,143,"Alton, IL"
17119,143,"Alton, IL"
17037,152,"Chicago, IL"
17089,152,"Chicago, IL"
16057,137,"Lewiston, ID & Pullman, WA"
17179,145,"Peoria, IL"
17023,149,"Terre Haute, IN"
13295,118,"Chattanooga, TN"
17073,156,"Davenport, IA"
13101,112,"Valdosta, GA"
19133,192,"Sioux City, IA"
18075,165,"Muncie, IN"
19061,158,"Dubuque, IA"
26129,270,"Houghton Lake, MI"
18033,163,"Fort Wayne, IN"
18087,171,"South Bend, IN"
26021,171,"South Bend, IN"
26165,275,"Cadillac, MI"
19097,158,"Dubuque, IA"
26059,274,"Jackson, MI"
26005,262,"Grand Rapids, MI"
19109,184,"Fort Dodge, IA"
26139,262,"Grand Rapids, MI"
19119,191,"Sioux Center, IA"
16081,140,"Jackson, WY"
17069,154,"Harrisburg, IL"
17059,154,"Harrisburg, IL"
17147,147,"Champaign, IL & Bloomington, IL"
17121,151,"Mount Vernon, IL & Centralia, IL"
26065,269,"Lansing, MI"
19053,187,"Osceola, IA"
26051,264,"Saginaw, MI"
26105,276,"Ludington, MI & Manistee, MI"
18135,165,"Muncie, IN"
40143,440,"Tulsa, OK"
36079,388,"Poughkeepsie, NY"
40097,439,"Miami, OK"
36029,381,"Buffalo, NY"
26085,275,"Cadillac, MI"
40021,433,"Muskogee, OK"
21023,228,"Maysville, KY"
26045,269,"Lansing, MI"
40035,439,"Miami, OK"
26155,269,"Lansing, MI"
20119,215,"Liberal, KS"
20099,193,"Parsons, KS & Chanute, KS"
20077,200,"Wichita, KS"
20043,195,"St. Joseph, MO"
20157,206,"Concordia, KS"
20005,195,"St. Joseph, MO"
21075,159,"Paducah, KY"
8003,73,"Alamosa, CO"
36001,380,"Albany, NY"
40015,437,"Oklahoma City, OK"
28095,297,"Tupelo, MS"
21035,159,"Paducah, KY"
26061,265,"Houghton, MI"
40105,202,"Bartlesville, OK"
8087,84,"Fort Collins, CO"
8105,73,"Alamosa, CO"
8089,78,"Colorado Springs, CO"
24023,251,"Cumberland, MD"
1021,5,"Birmingham, AL"
25019,259,"County: Nantucket Co., MA"
1103,10,"Huntsville, AL"
26017,264,"Saginaw, MI"
26151,272,"Detroit, MI"
1037,6,"Anniston, AL"
27043,185,"Mason City, IA & Austin, MN"
27117,295,"Sioux Falls, SD"
27055,289,"La Crosse, WI"
27071,291,"International Falls, MN"
28039,305,"Gulfport, MS"
28023,9,"Meridian, MS"
41067,449,"Portland, OR"
55081,289,"La Crosse, WI"
55129,571,"Rice Lake, WI"
55085,575,"Rhinelander, WI"
56025,581,"Casper, WY"
13239,3,"Dothan, AL"
32029,361,"Reno, NV"
51720,553,"Big Stone Gap, VA"
39013,422,"Wheeling, WV"
39135,424,"Dayton, OH"
41071,449,"Portland, OR"
42003,463,"Pittsburgh, PA"
42005,463,"Pittsburgh, PA"
42119,466,"Williamsport, PA"
56009,581,"Casper, WY"
72021,590,"San Juan, PR"
8085,79,"Grand Junction, CO"
12115,97,"North Port, FL & Port Charlotte, FL"
12021,99,"Cape Coral, FL"
39025,225,"Cincinnati, OH"
39037,424,"Dayton, OH"
42077,465,"Allentown, PA"
42037,466,"Williamsport, PA"
72051,590,"San Juan, PR"
72073,584,"Utuado, PR"
12099,95,"Palm Bay, FL & Port St. Lucie, FL"
12061,95,"Palm Bay, FL & Port St. Lucie, FL"
39093,420,"Cleveland, OH"
39007,420,"Cleveland, OH"
45023,394,"Charlotte, NC"
45001,470,"Greenville, SC"
46035,475,"Mitchell, SD & Huron, SD"
72059,589,"Ponce, PR"
72075,589,"Ponce, PR"
12059,94,"Panama City, FL"
17007,144,"Rockford, IL"
17049,148,"Decatur, IL"
31059,357,"Grand Island, NE"
31121,357,"Grand Island, NE"
31047,353,"Kearney, NE"
46097,295,"Sioux Falls, SD"
46087,295,"Sioux Falls, SD"
46015,478,"Chamberlain, SD"
46073,475,"Mitchell, SD & Huron, SD"
72131,585,"Aguadilla, PR"
72011,585,"Aguadilla, PR"
17019,147,"Champaign, IL & Bloomington, IL"
17013,143,"Alton, IL"
31181,345,"Hastings, NE"
31163,353,"Kearney, NE"
31007,348,"Cheyenne, WY"
31113,347,"North Platte, NE"
46119,485,"Pierre, SD"
47133,492,"Cookeville, TN"
48157,501,"Houston, TX"
72099,585,"Aguadilla, PR"
72061,590,"San Juan, PR"
17133,160,"St. Louis, MO"
17183,161,"Lafayette, IN"
17107,146,"Springfield, IL"
33013,365,"Nashua, NH"
35005,372,"Roswell, NM"
36023,386,"Ithaca, NY & Elmira, NY"
48013,306,"San Antonio, TX"
48121,445,"Dallas, TX"
48325,306,"San Antonio, TX"
72105,590,"San Juan, PR"
72079,591,"San Germán, PR & Mayagüez, PR"
17199,142,"Carbondale, IL"
13111,119,"Woodstock, GA & Canton, GA"
17177,144,"Rockford, IL"
36041,380,"Albany, NY"
36097,386,"Ithaca, NY & Elmira, NY"
36123,390,"Rochester, NY"
48027,504,"Killeen, TX"
48049,510,"Stephenville, TX & Brownwood, TX"
48231,516,"Greenville, TX & Paris, TX"
72057,589,"Ponce, PR"
72025,586,"Caguas, PR"
1083,10,"Huntsville, AL"
4003,33,"Tucson, AZ"
4023,33,"Tucson, AZ"
37183,403,"Raleigh, NC"
37151,404,"Winston-Salem, NC"
48259,306,"San Antonio, TX"
48233,500,"Amarillo, TX"
48207,503,"Snyder, TX"
48099,504,"Killeen, TX"
72029,590,"San Juan, PR"
72041,587,"Cayey, PR"
4011,36,"Deming, NM"
5113,57,"Idabel, OK & De Queen, AR & Mena, AR"
37061,405,"Greenville, NC"
37035,392,"Hickory, NC"
48183,526,"Longview, TX"
48101,513,"Childress, TX"
48193,510,"Stephenville, TX & Brownwood, TX"
48437,508,"Plainview, TX"
48125,503,"Snyder, TX"
72139,590,"San Juan, PR"
72063,586,"Caguas, PR"
5005,41,"Mountain Home, AR"
6075,58,"San Francisco, CA"
6027,66,"Bakersfield, CA"
6061,62,"Sacramento, CA"
37107,405,"Greenville, NC"
38089,344,"Dickinson, ND"
48445,505,"Lubbock, TX"
48425,527,"Fort Worth, TX"
48069,374,"Clovis, NM"
48175,511,"Victoria, TX"
48235,514,"San Angelo, TX"
48107,505,"Lubbock, TX"
48413,514,"San Angelo, TX"
49041,537,"Richfield, UT"
72109,589,"Ponce, PR"
72153,591,"San Germán, PR & Mayagüez, PR"
6035,68,"Susanville, CA"
6029,66,"Bakersfield, CA"
38015,412,"Bismarck, ND"
38047,415,"Jamestown, ND"
38043,412,"Bismarck, ND"
49001,364,"St. George, UT"
50023,367,"Lebanon, NH & Claremont, NH"
50015,540,"Burlington, VT"
72001,584,"Utuado, PR"
72145,588,"Arecibo, PR"
8007,74,"Farmington, NM"
8103,86,"Steamboat Springs, CO"
8075,85,"Sterling, CO"
39003,418,"Lima, OH"
39137,418,"Lima, OH"
39139,419,"Mansfield, OH"
39011,418,"Lima, OH"
51135,549,"South Boston, VA & Farmville, VA"
51790,546,"Harrisonburg, VA"
51670,544,"Richmond, VA"
72055,591,"San Germán, PR & Mayagüez, PR"
72133,589,"Ponce, PR"
9160,88,"Hartford, CT & Bridgeport, CT"
38013,342,"Williston, ND"
38079,416,"Rugby, ND"
38075,411,"Minot, ND"
39133,420,"Cleveland, OH"
39005,419,"Mansfield, OH"
39065,431,"Findlay, OH"
39175,431,"Findlay, OH"
51750,547,"Roanoke, VA"
51183,544,"Richmond, VA"
51610,91,"Washington, DC"
51595,397,"Roanoke Rapids, NC"
72121,591,"San Germán, PR & Mayagüez, PR"
72147,593,"Vieques, PR"
39145,432,"Chillicothe, OH & Portsmouth, OH"
39087,226,"Huntington, WV"
39115,430,"Parkersburg, WV"
39067,422,"Wheeling, WV"
40061,443,"McAlester, OK"
51620,401,"Virginia Beach, VA"
53001,558,"Moses Lake, WA"
54091,566,"Morgantown, WV"
72071,585,"Aguadilla, PR"
72017,588,"Arecibo, PR"
39029,426,"Youngstown, OH"
39099,426,"Youngstown, OH"
40011,437,"Oklahoma City, OK"
40091,433,"Muskogee, OK"
55025,574,"Madison, WI"
55103,574,"Madison, WI"
55135,573,"Appleton, WI"
72111,589,"Ponce, PR"
72093,591,"San Germán, PR & Mayagüez, PR"
13231,117,"Atlanta, GA"
13055,110,"Dalton, GA"
13011,109,"Gainesville, GA"
13003,106,"Douglas, GA"
31025,190,"Omaha, NE"
31061,353,"Kearney, NE"
31175,359,"Ord, NE"
48337,445,"Dallas, TX"
48211,525,"Pampa, TX"
48111,379,"Dumas, TX"
50001,540,"Burlington, VT"
13321,107,"Albany, GA"
18181,161,"Lafayette, IN"
18011,166,"Indianapolis, IN"
13125,116,"Augusta, GA"
16001,129,"Boise, ID"
32023,362,"Las Vegas, NV"
32005,59,"San Diego, CA"
51740,401,"Virginia Beach, VA"
51800,401,"Virginia Beach, VA"
51520,489,"Johnson City, TN"
18121,149,"Terre Haute, IN"
18101,173,"Bloomington, IN"
20141,216,"Beloit, KS"
21071,236,"Pikeville, KY"
21001,219,"Bardstown, KY & Campbellsville, KY"
16011,131,"Idaho Falls, ID"
16065,131,"Idaho Falls, ID"
33005,366,"Keene, NH"
35006,32,"Gallup, NM"
35015,372,"Roswell, NM"
53063,135,"Spokane, WA"
53023,137,"Lewiston, ID & Pullman, WA"
21227,220,"Bowling Green, KY"
21009,222,"Glasgow, KY"
17009,141,"Quincy, IL"
18037,162,"Evansville, IN"
18015,161,"Lafayette, IN"
36085,382,"New York, NY"
36033,387,"Plattsburgh, NY"
54009,422,"Wheeling, WV"
55117,577,"Sheboygan, WI"
21219,220,"Bowling Green, KY"
21073,221,"Lexington, KY"
21173,223,"Mount Sterling, KY & Morehead, KY"
29103,307,"Kirksville, MO"
31003,346,"Norfolk, NE"
31089,352,"O'Neill, NE"
37071,394,"Charlotte, NC"
37041,401,"Virginia Beach, VA"
55059,152,"Chicago, IL"
55083,572,"Green Bay, WI"
21215,168,"Louisville, KY"
21045,227,"Danville, KY"
21223,169,"Madison, IN"
21139,159,"Paducah, KY"
29141,314,"Osage Beach, MO & Eldon, MO & Camdenton, MO"
29225,310,"Springfield, MO"
29083,311,"Sedalia, MO & Warrensburg, MO"
30037,327,"Billings, MT"
37033,391,"Burlington, NC"
37181,403,"Raleigh, NC"
38051,415,"Jamestown, ND"
38009,411,"Minot, ND"
55105,576,"Milwaukee, WI"
55013,571,"Rice Lake, WI"
21201,228,"Maysville, KY"
21149,235,"Owensboro, KY"
19019,181,"Waterloo, IA"
19055,158,"Dubuque, IA"
19013,181,"Waterloo, IA"
19117,187,"Osceola, IA"
19011,180,"Cedar Rapids, IA"
19025,184,"Fort Dodge, IA"
38095,416,"Rugby, ND"
38019,290,"Grafton, ND"
39017,225,"Cincinnati, OH"
39107,418,"Lima, OH"
55095,571,"Rice Lake, WI"
55031,283,"Duluth, MN"
22003,239,"Beaumont, TX & Lake Charles, LA"
22121,246,"Baton Rouge, LA"
19027,182,"Ames, IA"
19069,189,"Iowa Falls, IA & Hampton, IA"
19157,175,"Des Moines, IA"
19147,188,"Spencer, IA"
19017,181,"Waterloo, IA"
19041,188,"Spencer, IA"
40033,438,"Wichita Falls, TX & Lawton, OK"
40139,446,"Guymon, OK"
56037,580,"Rock Springs, WY"
56015,583,"Torrington, WY"
56039,140,"Jackson, WY"
22061,243,"Monroe, LA"
26137,270,"Houghton Lake, MI"
26143,270,"Houghton Lake, MI"
27059,278,"Minneapolis, MN"
19091,184,"Fort Dodge, IA"
20173,200,"Wichita, KS"
20079,214,"Hutchinson, KS"
20009,197,"Great Bend, KS"
20145,197,"Great Bend, KS"
40085,445,"Dallas, TX"
40045,441,"Woodward, OK"
5119,49,"Little Rock, AR"
5101,43,"Harrison, AR"
5141,47,"Heber Springs, AR"
27153,288,"Alexandria, MN & Fergus Falls, MN"
27131,282,"Mankato, MN"
27121,288,"Alexandria, MN & Fergus Falls, MN"
27113,294,"Grand Forks, ND"
20031,201,"Emporia, KS"
20059,194,"Kansas City, MO"
20165,209,"Hays, KS"
20105,210,"Salina, KS"
20097,196,"Pratt, KS"
20195,209,"Hays, KS"
40003,434,"Enid, OK"
40007,215,"Liberal, KS"
5129,47,"Heber Springs, AR"
5065,52,"Batesville, AR"
5037,39,"Forrest City, AR"
28079,9,"Meridian, MS"
28043,301,"Greenwood, MS & Grenada, MS"
28123,9,"Meridian, MS"
28107,303,"Oxford, MS"
28101,9,"Meridian, MS"
28011,300,"Greenville, MS"
29119,42,"Fayetteville, AR"
41063,461,"Enterprise, OR"
41049,460,"Kennewick, WA"
42115,469,"Scranton, PA"
8021,73,"Alamosa, CO"
28035,304,"Hattiesburg, MS"
28139,297,"Tupelo, MS"
29077,310,"Springfield, MO"
29159,311,"Sedalia, MO & Warrensburg, MO"
29149,319,"West Plains, MO"
29510,160,"St. Louis, MO"
29111,141,"Quincy, IL"
46007,351,"Alliance, NE"
46083,295,"Sioux Falls, SD"
46011,476,"Brookings, SD & Watertown, SD"
48067,55,"Texarkana, TX"
12067,92,"Gainesville, FL"
13247,117,"Atlanta, GA"
13209,121,"Dublin, GA"
29221,321,"Farmington, MO"
29055,160,"St. Louis, MO"
29065,318,"Rolla, MO"
29139,160,"St. Louis, MO"
29097,198,"Joplin, MO"
1013,1,"Montgomery, AL"
30091,330,"Plentywood, MT"
46031,417,"Mobridge, SD"
47125,232,"Clarksville, TN"
13115,110,"Dalton, GA"
13199,7,"Columbus, GA"
29047,194,"Kansas City, MO"
29025,195,"St. Joseph, MO"
29169,318,"Rolla, MO"
29085,310,"Springfield, MO"
31131,308,"Nebraska City, NE"
31043,192,"Sioux City, IA"
31165,348,"Cheyenne, WY"
47027,492,"Cookeville, TN"
47137,492,"Cookeville, TN"
13095,107,"Albany, GA"
13071,107,"Albany, GA"
29223,313,"Poplar Bluff, MO"
29105,318,"Rolla, MO"
29135,309,"Columbia, MO"
31173,192,"Sioux City, IA"
31027,354,"Yankton, SD"
48271,517,"Del Rio, TX & Eagle Pass, TX"
48079,505,"Lubbock, TX"
48369,374,"Clovis, NM"
13091,113,"Macon, GA & Warner Robins, GA"
13299,114,"Brunswick, GA"
13035,117,"Atlanta, GA"
13259,122,"Americus, GA"
31107,354,"Yankton, SD"
31051,346,"Norfolk, NE"
31087,355,"McCook, NE"
48077,438,"Wichita Falls, TX & Lawton, OK"
48097,445,"Dallas, TX"
13297,109,"Gainesville, GA"
13059,120,"Athens, GA"
18105,173,"Bloomington, IN"
18143,168,"Louisville, KY"
18119,173,"Bloomington, IN"
18023,161,"Lafayette, IN"
47099,496,"Spring Hill, TN"
47067,224,"Middlesborough, KY"
5115,54,"Russellville, AR"
5079,40,"Pine Bluff, AR"
5051,45,"Hot Springs, AR"
27035,277,"Bemidji, MN & Brainerd, MN"
27109,287,"Rochester, MN"
27147,282,"Mankato, MN"
18145,166,"Indianapolis, IN"
18045,161,"Lafayette, IN"
18149,171,"South Bend, IN"
47011,118,"Chattanooga, TN"
35023,36,"Deming, NM"
48295,446,"Guymon, OK"
5123,39,"Forrest City, AR"
6105,61,"Redding, CA & Chico, CA"
8095,85,"Sterling, CO"
8125,85,"Sterling, CO"
8047,72,"Denver, CO"
27019,278,"Minneapolis, MN"
27083,284,"Willmar, MN"
27161,282,"Mankato, MN"
18115,169,"Madison, IN"
19093,183,"Storm Lake, IA"
19067,185,"Mason City, IA & Austin, MN"
19165,179,"Denison, IA & Atlantic, IA"
48421,379,"Dumas, TX"
48357,446,"Guymon, OK"
48087,513,"Childress, TX"
48495,376,"Odessa, TX & Midland, TX"
48501,523,"Seminole, TX"
8073,78,"Colorado Springs, CO"
8025,78,"Colorado Springs, CO"
8079,73,"Alamosa, CO"
27009,280,"St. Cloud, MN"
27079,282,"Mankato, MN"
19141,191,"Sioux Center, IA"
19169,182,"Ames, IA"
19099,175,"Des Moines, IA"
19183,180,"Cedar Rapids, IA"
19065,181,"Waterloo, IA"
49009,535,"Vernal, UT"
12019,93,"Jacksonville, FL"
13057,119,"Woodstock, GA & Canton, GA"
41037,458,"Lakeview, OR"
37005,393,"Wytheville, VA & Galax, VA"
38021,413,"Lisbon, ND & Oakes, ND"
19003,176,"Creston, IA"
19137,176,"Creston, IA"
19173,176,"Creston, IA"
19079,182,"Ames, IA"
20155,214,"Hutchinson, KS"
50025,366,"Keene, NH"
13017,111,"Tifton, GA"
13233,110,"Dalton, GA"
38001,408,"Bowman, ND"
38011,408,"Bowman, ND"
38023,342,"Williston, ND"
20015,200,"Wichita, KS"
20051,209,"Hays, KS"
20053,210,"Salina, KS"
20029,206,"Concordia, KS"
50021,540,"Burlington, VT"
13067,117,"Atlanta, GA"
13235,113,"Macon, GA & Warner Robins, GA"
48399,514,"San Angelo, TX"
13085,109,"Gainesville, GA"
13293,117,"Atlanta, GA"
20085,208,"Topeka, KS"
20177,208,"Topeka, KS"
20049,202,"Bartlesville, OK"
20139,208,"Topeka, KS"
50017,367,"Lebanon, NH & Claremont, NH"
51650,555,"Newport News, VA"
48363,527,"Fort Worth, TX"
48237,518,"Graham, TX"
48279,374,"Clovis, NM"
48255,306,"San Antonio, TX"
48081,514,"San Angelo, TX"
48297,306,"San Antonio, TX"
13015,110,"Dalton, GA"
13177,107,"Albany, GA"
20115,214,"Hutchinson, KS"
20057,204,"Dodge City, KS"
20189,218,"Hugoton, KS"
20159,214,"Hutchinson, KS"
20151,196,"Pratt, KS"
51710,401,"Virginia Beach, VA"
51810,401,"Virginia Beach, VA"
51013,91,"Washington, DC"
48191,508,"Plainview, TX"
48269,503,"Snyder, TX"
48171,524,"Kerrville, TX"
48435,514,"San Angelo, TX"
48159,55,"Texarkana, TX"
13273,107,"Albany, GA"
13249,122,"Americus, GA"
13277,111,"Tifton, GA"
20061,205,"Manhattan, KS"
20193,212,"Colby, KS"
20143,210,"Salina, KS"
20205,202,"Bartlesville, OK"
20109,212,"Colby, KS"
51550,401,"Virginia Beach, VA"
53039,456,"The Dalles, OR"
53069,449,"Portland, OR"
48131,509,"Alice, TX"
48283,306,"San Antonio, TX"
48429,518,"Graham, TX"
48503,518,"Graham, TX"
48195,446,"Guymon, OK"
48023,503,"Snyder, TX"
48127,517,"Del Rio, TX & Eagle Pass, TX"
48169,505,"Lubbock, TX"
13255,117,"Atlanta, GA"
13165,115,"Savannah, GA"
20067,77,"Ulysses, KS"
20199,213,"Goodland, KS"
20033,196,"Pratt, KS"
20101,217,"Scott City, KS"
21157,159,"Paducah, KY"
21083,159,"Paducah, KY"
21049,221,"Lexington, KY"
53051,135,"Spokane, WA"
54053,421,"Athens, OH"
48137,519,"Uvalde, TX"
48095,514,"San Angelo, TX"
21193,229,"Hazard, KY"
21229,219,"Bardstown, KY & Campbellsville, KY"
13193,122,"Americus, GA"
13175,121,"Dublin, GA"
21087,219,"Bardstown, KY & Campbellsville, KY"
45033,474,"Myrtle Beach, SC"
54035,565,"Charleston, WV"
54051,422,"Wheeling, WV"
21137,227,"Danville, KY"
21065,233,"Richmond, KY"
21129,229,"Hazard, KY"
13257,109,"Gainesville, GA"
13005,106,"Douglas, GA"
46135,354,"Yankton, SD"
46099,295,"Sioux Falls, SD"
46027,354,"Yankton, SD"
54055,548,"Bluefield, WV"
54069,422,"Wheeling, WV"
22049,243,"Monroe, LA"
22093,240,"New Orleans, LA"
23001,248,"Portland, ME"
13161,106,"Douglas, GA"
13065,112,"Valdosta, GA"
46053,482,"Winner, SD"
46039,476,"Brookings, SD & Watertown, SD"
46101,295,"Sioux Falls, SD"
54029,422,"Wheeling, WV"
55127,576,"Milwaukee, WI"
23011,248,"Portland, ME"
26087,272,"Detroit, MI"
16045,129,"Boise, ID"
17053,147,"Champaign, IL & Bloomington, IL"
46109,281,"Milbank, SD"
46091,281,"Milbank, SD"
55093,278,"Minneapolis, MN"
55063,289,"La Crosse, WI"
27003,278,"Minneapolis, MN"
27123,278,"Minneapolis, MN"
17169,146,"Springfield, IL"
17035,148,"Decatur, IL"
18107,161,"Lafayette, IN"
18103,167,"Logansport, IN"
46102,351,"Alliance, NE"
46019,479,"Rapid City, SD"
55061,572,"Green Bay, WI"
55065,574,"Madison, WI"
56011,579,"Gillette, WY"
56005,579,"Gillette, WY"
27111,288,"Alexandria, MN & Fergus Falls, MN"
27141,280,"St. Cloud, MN"
18179,163,"Fort Wayne, IN"
18063,166,"Indianapolis, IN"
18035,165,"Muncie, IN"
18005,164,"Columbus, IN"
18021,149,"Terre Haute, IN"
47069,491,"Jackson, TN"
47103,10,"Huntsville, AL"
5059,45,"Hot Springs, AR"
5105,49,"Little Rock, AR"
22027,244,"Shreveport, LA"
23009,250,"Bangor, ME"
23029,250,"Bangor, ME"
24041,89,"Dover, DE"
24045,89,"Dover, DE"
24003,252,"Baltimore, MD"
1045,3,"Dothan, AL"
1105,4,"Tuscaloosa, AL"
17143,145,"Peoria, IL"
17071,155,"Burlington, IA"
19043,177,"Platteville, WI"
18113,163,"Fort Wayne, IN"
19191,186,"Decorah, IA"
24510,252,"Baltimore, MD"
1031,3,"Dothan, AL"
1011,1,"Montgomery, AL"
31083,353,"Kearney, NE"
31147,199,"Falls City, NE"
17193,150,"Olney, IL"
17011,145,"Peoria, IL"
19129,190,"Omaha, NE"
18079,164,"Columbus, IN"
26093,272,"Detroit, MI"
26043,271,"Marinette, WI"
26001,260,"Alpena, MI"
31153,190,"Omaha, NE"
31161,351,"Alliance, NE"
17025,150,"Olney, IL"
16071,139,"Logan, UT"
18095,166,"Indianapolis, IN"
20103,194,"Kansas City, MO"
26031,267,"Petoskey, MI & Cheboygan, MI"
27063,286,"Worthington, MN"
27105,286,"Worthington, MN"
33003,365,"Nashua, NH"
35031,32,"Gallup, NM"
16019,131,"Idaho Falls, ID"
17145,142,"Carbondale, IL"
26009,263,"Traverse City, MI"
20209,194,"Kansas City, MO"
27045,287,"Rochester, MN"
27169,296,"Eau Claire, WI"
35035,377,"Alamogordo, NM"
37045,394,"Charlotte, NC"
37145,403,"Raleigh, NC"
16055,133,"Coeur d'Alene, ID"
17203,145,"Peoria, IL"
17123,145,"Peoria, IL"
20121,194,"Kansas City, MO"
20183,216,"Beloit, KS"
20201,206,"Concordia, KS"
27025,278,"Minneapolis, MN"
27091,286,"Worthington, MN"
35009,374,"Clovis, NM"
35029,36,"Deming, NM"
36073,390,"Rochester, NY"
17101,153,"Vincennes, IN"
17151,154,"Harrisburg, IL"
17131,156,"Davenport, IA"
36005,382,"New York, NY"
20019,202,"Bartlesville, OK"
28059,305,"Gulfport, MS"
28045,305,"Gulfport, MS"
37179,394,"Charlotte, NC"
37187,396,"Washington, NC"
17015,144,"Rockford, IL"
26161,272,"Detroit, MI"
36055,390,"Rochester, NY"
20075,211,"Garden City, KS"
36057,380,"Albany, NY"
28113,298,"McComb, MS & Brookhaven, MS"
28027,303,"Oxford, MS"
28057,297,"Tupelo, MS"
37077,403,"Raleigh, NC"
37073,401,"Virginia Beach, VA"
18019,168,"Louisville, KY"
18167,149,"Terre Haute, IN"
21145,159,"Paducah, KY"
40099,435,"Ardmore, OK"
28093,51,"Memphis, TN"
28041,305,"Gulfport, MS"
34029,370,"Long Branch, NJ"
34025,370,"Long Branch, NJ"
18097,166,"Indianapolis, IN"
18077,169,"Madison, IN"
26081,262,"Grand Rapids, MI"
40123,435,"Ardmore, OK"
8041,78,"Colorado Springs, CO"
29145,198,"Joplin, MO"
29213,310,"Springfield, MO"
29155,56,"Blytheville, AR"
34017,369,"Newark, NJ & Jersey City, NJ"
34039,369,"Newark, NJ & Jersey City, NJ"
18171,161,"Lafayette, IN"
26125,272,"Detroit, MI"
21105,159,"Paducah, KY"
36087,388,"Poughkeepsie, NY"
40109,437,"Oklahoma City, OK"
29153,41,"Mountain Home, AR"
29091,319,"West Plains, MO"
29011,198,"Joplin, MO"
40115,439,"Miami, OK"
40151,434,"Enid, OK"
18141,171,"South Bend, IN"
26027,171,"South Bend, IN"
26067,262,"Grand Rapids, MI"
21053,234,"Somerset, KY"
36003,381,"Buffalo, NY"
29165,194,"Kansas City, MO"
29163,141,"Quincy, IL"
41057,459,"Newport, OR & Lincoln City, OR"
41027,456,"The Dalles, OR"
26069,260,"Alpena, MI"
18155,169,"Madison, IN"
18177,172,"Richmond, IN"
21091,235,"Owensboro, KY"
21041,169,"Madison, IN"
29147,320,"Maryville, MO"
29005,308,"Nebraska City, NE"
41059,460,"Kennewick, WA"
42073,426,"Youngstown, OH"
42009,464,"Altoona, PA"
19155,190,"Omaha, NE"
19005,177,"Platteville, WI"
36021,380,"Albany, NY"
26133,275,"Cadillac, MI"
29045,155,"Burlington, IA"
29009,310,"Springfield, MO"
42085,426,"Youngstown, OH"
42083,467,"St. Marys, PA"
42015,466,"Williamsport, PA"
42123,385,"Erie, PA"
18163,162,"Evansville, IN"
26157,272,"Detroit, MI"
26023,266,"Kalamazoo, MI"
21047,232,"Clarksville, TN"
40037,440,"Tulsa, OK"
29217,316,"Nevada, MO"
30101,335,"Shelby, MT & Cut Bank, MT & North Browning, MT & Conrad, MT"
31135,347,"North Platte, NE"
44001,256,"Providence, RI"
17195,144,"Rockford, IL"
18029,169,"Madison, IN"
19071,176,"Creston, IA"
21185,168,"Louisville, KY"
40009,436,"Weatherford, OK & Elk City, OK"
26131,273,"Ironwood, MI"
1125,4,"Tuscaloosa, AL"
24011,89,"Dover, DE"
1015,6,"Anniston, AL"
17159,150,"Olney, IL"
13119,120,"Athens, GA"
19145,176,"Creston, IA"
19167,191,"Sioux Center, IA"
19189,185,"Mason City, IA & Austin, MN"
26077,266,"Kalamazoo, MI"
26057,264,"Saginaw, MI"
26145,264,"Saginaw, MI"
22109,241,"Houma, LA"
8119,78,"Colorado Springs, CO"
22117,240,"New Orleans, LA"
22085,244,"Shreveport, LA"
22119,244,"Shreveport, LA"
55069,569,"Wausau, WI"
55019,569,"Wausau, WI"
55123,289,"La Crosse, WI"
18039,171,"South Bend, IN"
18001,163,"Fort Wayne, IN"
26113,275,"Cadillac, MI"
17057,145,"Peoria, IL"
40083,437,"Oklahoma City, OK"
36069,390,"Rochester, NY"
19101,178,"Ottumwa, IA"
19115,180,"Cedar Rapids, IA"
19123,178,"Ottumwa, IA"
20133,193,"Parsons, KS & Chanute, KS"
20113,214,"Hutchinson, KS"
55053,296,"Eau Claire, WI"
55015,573,"Appleton, WI"
55027,573,"Appleton, WI"
18151,163,"Fort Wayne, IN"
19139,180,"Cedar Rapids, IA"
26037,269,"Lansing, MI"
19059,188,"Spencer, IA"
21111,168,"Louisville, KY"
21037,225,"Cincinnati, OH"
20087,208,"Topeka, KS"
20153,203,"Atwood, KS & St. Francis, KS"
20207,193,"Parsons, KS & Chanute, KS"
20123,216,"Beloit, KS"
20179,212,"Colby, KS"
55087,573,"Appleton, WI"
55033,296,"Eau Claire, WI"
55017,296,"Eau Claire, WI"
20129,218,"Hugoton, KS"
20125,202,"Bartlesville, OK"
26019,263,"Traverse City, MI"
18057,166,"Indianapolis, IN"
36083,380,"Albany, NY"
21225,231,"Henderson, KY"
21199,234,"Somerset, KY"
21021,227,"Danville, KY"
55077,574,"Madison, WI"
55091,296,"Eau Claire, WI"
55119,569,"Wausau, WI"
20181,213,"Goodland, KS"
36093,380,"Albany, NY"
20035,200,"Wichita, KS"
20089,216,"Beloit, KS"
36035,380,"Albany, NY"
5031,46,"Jonesboro, AR"
1007,4,"Tuscaloosa, AL"
30041,325,"Great Falls, MT"
47111,490,"Nashville, TN"
55115,572,"Green Bay, WI"
56043,582,"Riverton, WY"
40131,440,"Tulsa, OK"
36007,383,"Binghamton, NY"
5149,54,"Russellville, AR"
5087,42,"Fayetteville, AR"
54061,566,"Morgantown, WV"
55079,576,"Milwaukee, WI"
56019,324,"Sheridan, WY"
56017,582,"Riverton, WY"
40017,437,"Oklahoma City, OK"
6031,64,"Fresno, CA"
8017,77,"Ulysses, KS"
8121,85,"Sterling, CO"
55101,152,"Chicago, IL"
55045,574,"Madison, WI"
55125,575,"Rhinelander, WI"
1067,3,"Dothan, AL"
1017,7,"Columbus, GA"
36107,383,"Binghamton, NY"
13253,103,"Tallahassee, FL"
13169,113,"Macon, GA & Warner Robins, GA"
56023,132,"Evanston, WY"
51011,545,"Lynchburg, VA"
1077,10,"Huntsville, AL"
4019,33,"Tucson, AZ"
36027,388,"Poughkeepsie, NY"
40031,438,"Wichita Falls, TX & Lawton, OK"
26111,264,"Saginaw, MI"
13129,110,"Dalton, GA"
13207,113,"Macon, GA & Warner Robins, GA"
13227,119,"Woodstock, GA & Canton, GA"
51173,393,"Wytheville, VA & Galax, VA"
51680,545,"Lynchburg, VA"
5143,42,"Fayetteville, AR"
5089,41,"Mountain Home, AR"
6067,62,"Sacramento, CA"
10001,89,"Dover, DE"
12113,100,"Pensacola, FL"
40051,437,"Oklahoma City, OK"
26025,266,"Kalamazoo, MI"
40047,434,"Enid, OK"
13167,121,"Dublin, GA"
13023,113,"Macon, GA & Warner Robins, GA"
51025,397,"Roanoke Rapids, NC"
51630,550,"Fredericksburg, VA"
12011,96,"Miami, FL"
12003,93,"Jacksonville, FL"
8099,75,"Lamar, CO"
42117,467,"St. Marys, PA"
13123,119,"Woodstock, GA & Canton, GA"
13243,3,"Dothan, AL"
51760,544,"Richmond, VA"
51045,547,"Roanoke, VA"
17149,141,"Quincy, IL"
17077,142,"Carbondale, IL"
44003,256,"Providence, RI"
17155,145,"Peoria, IL"
17075,157,"Kankakee, IL"
13093,111,"Tifton, GA"
13053,7,"Columbus, GA"
51049,549,"South Boston, VA & Farmville, VA"
51540,542,"Charlottesville, VA"
17079,148,"Decatur, IL"
17167,146,"Springfield, IL"
13083,118,"Chattanooga, TN"
18173,162,"Evansville, IN"
18043,168,"Louisville, KY"
13173,112,"Valdosta, GA"
13037,3,"Dothan, AL"
51775,547,"Roanoke, VA"
51770,547,"Roanoke, VA"
17141,144,"Rockford, IL"
17061,146,"Springfield, IL"
18165,149,"Terre Haute, IN"
26117,264,"Saginaw, MI"
26159,266,"Kalamazoo, MI"
16053,134,"Twin Falls, ID"
18059,166,"Indianapolis, IN"
18109,166,"Indianapolis, IN"
51079,542,"Charlottesville, VA"
51820,546,"Harrisonburg, VA"
51678,557,"Lexington, VA & Buena Vista, VA"
13061,3,"Dothan, AL"
17173,148,"Decatur, IL"
17105,147,"Champaign, IL & Bloomington, IL"
19085,190,"Omaha, NE"
20191,200,"Wichita, KS"
20037,198,"Joplin, MO"
18017,167,"Logansport, IN"
18065,166,"Indianapolis, IN"
18133,149,"Terre Haute, IN"
19175,176,"Creston, IA"
19047,179,"Denison, IA & Atlantic, IA"
54101,568,"Summersville, WV"
54079,565,"Charleston, WV"
17045,149,"Terre Haute, IN"
17005,143,"Alton, IL"
26091,274,"Jackson, MI"
18031,170,"Greensburg, IN"
18117,173,"Bloomington, IN"
20021,198,"Joplin, MO"
19081,185,"Mason City, IA & Austin, MN"
19033,185,"Mason City, IA & Austin, MN"
19151,183,"Storm Lake, IA"
19161,183,"Storm Lake, IA"
19103,180,"Cedar Rapids, IA"
54097,566,"Morgantown, WV"
54015,565,"Charleston, WV"
55005,571,"Rice Lake, WI"
26153,261,"Marquette, MI"
18007,161,"Lafayette, IN"
18127,174,"Hammond, IN & Michigan City, IN & Gary, IN"
20091,194,"Kansas City, MO"
20137,207,"Norton, KS"
20013,199,"Falls City, NE"
5063,52,"Batesville, AR"
46071,483,"Counties: Haakon Co., SD, Jackson Co., SD"
47177,492,"Cookeville, TN"
47169,490,"Nashville, TN"
29043,310,"Springfield, MO"
29109,310,"Springfield, MO"
29115,315,"Chillicothe, MO"
38101,411,"Minot, ND"
38049,411,"Minot, ND"
38103,414,"Carrington, ND"
46065,485,"Pierre, SD"
47017,488,"Paris, TN"
47007,118,"Chattanooga, TN"
35025,376,"Odessa, TX & Midland, TX"
29219,160,"St. Louis, MO"
29117,315,"Chillicothe, MO"
38025,344,"Dickinson, ND"
39157,423,"Canton, OH"
39023,424,"Dayton, OH"
47015,487,"Murfreesboro, TN"
47061,487,"Murfreesboro, TN"
36101,386,"Ithaca, NY & Elmira, NY"
37185,403,"Raleigh, NC"
38033,344,"Dickinson, ND"
29003,195,"St. Joseph, MO"
29035,313,"Poplar Bluff, MO"
29007,309,"Columbia, MO"
39109,424,"Dayton, OH"
39149,424,"Dayton, OH"
39113,424,"Dayton, OH"
47075,491,"Jackson, TN"
47023,491,"Jackson, TN"
39081,422,"Wheeling, WV"
39039,427,"Toledo, OH"
46121,356,"Valentine, NE"
29059,310,"Springfield, MO"
29089,309,"Columbia, MO"
29185,311,"Sedalia, MO & Warrensburg, MO"
39041,428,"Columbus, OH"
39019,423,"Canton, OH"
39131,432,"Chillicothe, OH & Portsmouth, OH"
47153,118,"Chattanooga, TN"
47095,495,"Dyersburg, TN"
47115,118,"Chattanooga, TN"
47161,232,"Clarksville, TN"
29093,321,"Farmington, MO"
29063,195,"St. Joseph, MO"
29203,319,"West Plains, MO"
39045,428,"Columbus, OH"
39153,420,"Cleveland, OH"
39091,431,"Findlay, OH"
48397,445,"Dallas, TX"
48123,511,"Victoria, TX"
48209,502,"Austin, TX"
48489,499,"McAllen, TX"
48017,374,"Clovis, NM"
30111,327,"Billings, MT"
30097,338,"Livingston, MT"
39117,419,"Mansfield, OH"
39159,428,"Columbus, OH"
39057,424,"Dayton, OH"
48299,502,"Austin, TX"
48257,376,"Odessa, TX & Midland, TX"
48181,445,"Dallas, TX"
48075,513,"Childress, TX"
48483,525,"Pampa, TX"
51073,555,"Newport News, VA"
51735,555,"Newport News, VA"
53061,561,"Seattle, WA"
30065,327,"Billings, MT"
30019,330,"Plentywood, MT"
31041,349,"Broken Bow, NE"
39151,423,"Canton, OH"
39083,428,"Columbus, OH"
39075,423,"Canton, OH"
48291,501,"Houston, TX"
48031,502,"Austin, TX"
48219,505,"Lubbock, TX"
48149,515,"Gonzales, TX"
48221,527,"Fort Worth, TX"
51169,489,"Johnson City, TN"
51071,547,"Roanoke, VA"
31045,351,"Alliance, NE"
31123,348,"Cheyenne, WY"
31037,350,"Columbus, NE"
31039,190,"Omaha, NE"
39071,425,"Washington Court House, OH & Wilmington, OH"
39173,427,"Toledo, OH"
39055,420,"Cleveland, OH"
48065,500,"Amarillo, TX"
48143,510,"Stephenville, TX & Brownwood, TX"
24039,89,"Dover, DE"
25023,254,"Boston, MA"
1127,5,"Birmingham, AL"
26033,268,"Sault Ste. Marie, MI"
39051,427,"Toledo, OH"
40129,436,"Weatherford, OK & Elk City, OK"
40025,218,"Hugoton, KS"
31023,350,"Columbus, NE"
31011,350,"Columbus, NE"
31117,347,"North Platte, NE"
31079,357,"Grand Island, NE"
39121,430,"Parkersburg, WV"
39031,423,"Canton, OH"
40121,443,"McAlester, OK"
1057,12,"Hamilton, AL"
27099,185,"Mason City, IA & Austin, MN"
27157,287,"Rochester, MN"
41041,459,"Newport, OR & Lincoln City, OR"
41009,449,"Portland, OR"
42105,467,"St. Marys, PA"
31159,358,"Lincoln, NE"
31019,353,"Kearney, NE"
31097,308,"Nebraska City, NE"
40137,438,"Wichita Falls, TX & Lawton, OK"
40149,436,"Weatherford, OK & Elk City, OK"
40077,443,"McAlester, OK"
27135,292,"Roseau, MN"
29021,195,"St. Joseph, MO"
27041,288,"Alexandria, MN & Fergus Falls, MN"
27057,277,"Bemidji, MN & Brainerd, MN"
27029,277,"Bemidji, MN & Brainerd, MN"
27159,288,"Alexandria, MN & Fergus Falls, MN"
31001,345,"Hastings, NE"
31099,353,"Kearney, NE"
31017,352,"O'Neill, NE"
40063,437,"Oklahoma City, OK"
40093,434,"Enid, OK"
29209,310,"Springfield, MO"
29127,141,"Quincy, IL"
31031,356,"Valentine, NE"
27143,293,"Otsego, MN & St. Michael, MN"
28067,304,"Hattiesburg, MS"
28017,297,"Tupelo, MS"
28013,297,"Tupelo, MS"
31005,347,"North Platte, NE"
32027,363,"Elko, NV"
32021,361,"Reno, NV"
33001,365,"Nashua, NH"
40055,442,"Altus, OK"
41069,453,"Counties: Gilliam Co., OR, Wheeler Co., OR"
31055,190,"Omaha, NE"
28125,300,"Greenville, MS"
28159,302,"Starkville, MS & Columbus, MS"
28145,297,"Tupelo, MS"
35001,371,"Albuquerque, NM"
35047,373,"Las Vegas, NM"
35053,371,"Albuquerque, NM"
42011,465,"Allentown, PA"
42087,468,"State College, PA"
31015,352,"O'Neill, NE"
31057,355,"McCook, NE"
31049,87,"Sidney, NE"
28097,301,"Greenwood, MS & Grenada, MS"
28007,299,"Jackson, MS"
28061,304,"Hattiesburg, MS"
28015,301,"Greenwood, MS & Grenada, MS"
28105,302,"Starkville, MS & Columbus, MS"
35057,371,"Albuquerque, NM"
35028,371,"Albuquerque, NM"
36109,386,"Ithaca, NY & Elmira, NY"
42053,385,"Erie, PA"
42093,466,"Williamsport, PA"
42107,465,"Allentown, PA"
31177,190,"Omaha, NE"
32009,362,"Las Vegas, NV"
32013,363,"Elko, NV"
28065,304,"Hattiesburg, MS"
28063,245,"Vicksburg, MS"
36121,381,"Buffalo, NY"
37105,398,"Fayetteville, NC"
42065,385,"Erie, PA"
42047,467,"St. Marys, PA"
45071,472,"Columbia, SC"
46077,476,"Brookings, SD & Watertown, SD"
46043,480,"Parkston, SD"
46025,476,"Brookings, SD & Watertown, SD"
46033,479,"Rapid City, SD"
46063,484,"County: Harding Co., SD"
28037,298,"McComb, MS & Brookhaven, MS"
29179,321,"Farmington, MO"
29151,309,"Columbia, MO"
37069,403,"Raleigh, NC"
37003,392,"Hickory, NC"
46111,475,"Mitchell, SD & Huron, SD"
46005,475,"Mitchell, SD & Huron, SD"
46125,295,"Sioux Falls, SD"
46107,485,"Pierre, SD"
16067,136,"Burley, ID"
16051,131,"Idaho Falls, ID"
27067,284,"Willmar, MN"
27085,293,"Otsego, MN & St. Michael, MN"
28133,300,"Greenville, MS"
39103,420,"Cleveland, OH"
40057,442,"Altus, OK"
42069,469,"Scranton, PA"
42041,462,"Harrisburg, PA & Lancaster, PA"
51035,393,"Wytheville, VA & Galax, VA"
54089,567,"Beckley, WV"
17033,153,"Vincennes, IN"
18093,173,"Bloomington, IN"
19113,180,"Cedar Rapids, IA"
19087,155,"Burlington, IA"
28025,302,"Starkville, MS & Columbus, MS"
28115,297,"Tupelo, MS"
28009,51,"Memphis, TN"
47043,490,"Nashville, TN"
55009,572,"Green Bay, WI"
5083,50,"Fort Smith, AR"
19197,189,"Iowa Falls, IA & Hampton, IA"
19187,184,"Fort Dodge, IA"
19125,178,"Ottumwa, IA"
19083,189,"Iowa Falls, IA & Hampton, IA"
19135,178,"Ottumwa, IA"
20095,200,"Wichita, KS"
29073,160,"St. Louis, MO"
13047,118,"Chattanooga, TN"
17137,146,"Springfield, IL"
47087,492,"Cookeville, TN"
48329,376,"Odessa, TX & Midland, TX"
48249,509,"Alice, TX"
48431,514,"San Angelo, TX"
8061,75,"Lamar, CO"
13287,111,"Tifton, GA"
20063,212,"Colby, KS"
20065,209,"Hays, KS"
21061,220,"Bowling Green, KY"
21081,225,"Cincinnati, OH"
39053,421,"Athens, OH"
39155,426,"Youngstown, OH"
42007,463,"Pittsburgh, PA"
49039,536,"Salt Lake City, UT"
51690,556,"Martinsville, VA"
55139,573,"Appleton, WI"
72009,587,"Cayey, PR"
27095,280,"St. Cloud, MN"
31109,358,"Lincoln, NE"
38069,416,"Rugby, ND"
46029,476,"Brookings, SD & Watertown, SD"
21113,221,"Lexington, KY"
46047,479,"Rapid City, SD"
47047,51,"Memphis, TN"
17067,155,"Burlington, IA"
18111,174,"Hammond, IN & Michigan City, IN & Gary, IN"
19089,186,"Decorah, IA"
18067,166,"Indianapolis, IN"
72101,588,"Arecibo, PR"
72117,585,"Aguadilla, PR"
72143,588,"Arecibo, PR"
1061,3,"Dothan, AL"
21077,225,"Cincinnati, OH"
48365,526,"Longview, TX"
51700,555,"Newport News, VA"
20039,207,"Norton, KS"
21161,228,"Maysville, KY"
40119,444,"Stillwater, OK"
72085,586,"Caguas, PR"
12085,95,"Palm Bay, FL & Port St. Lucie, FL"
17063,152,"Chicago, IL"
27011,281,"Milbank, SD"
28003,297,"Tupelo, MS"
31065,353,"Kearney, NE"
51115,555,"Newport News, VA"
1079,10,"Huntsville, AL"
1027,6,"Anniston, AL"
27133,295,"Sioux Falls, SD"
5049,52,"Batesville, AR"
39001,225,"Cincinnati, OH"
17117,143,"Alton, IL"
32007,363,"Elko, NV"
35003,36,"Deming, NM"
39111,422,"Wheeling, WV"
22011,239,"Beaumont, TX & Lake Charles, LA"
51089,556,"Martinsville, VA"
29186,321,"Farmington, MO"
32510,361,"Reno, NV"
16017,135,"Spokane, WA"
17157,142,"Carbondale, IL"
47109,491,"Jackson, TN"
48505,533,"Zapata, TX & Medina, TX"
8009,75,"Lamar, CO"
51077,393,"Wytheville, VA & Galax, VA"
53059,449,"Portland, OR"
35013,375,"El Paso, TX"
36015,386,"Ithaca, NY & Elmira, NY"
26101,276,"Ludington, MI & Manistee, MI"
19131,185,"Mason City, IA & Austin, MN"
19159,176,"Creston, IA"
26127,262,"Grand Rapids, MI"
1087,7,"Columbus, GA"
27047,185,"Mason City, IA & Austin, MN"
27049,287,"Rochester, MN"
53003,137,"Lewiston, ID & Pullman, WA"
55089,576,"Milwaukee, WI"
56021,348,"Cheyenne, WY"
48147,445,"Dallas, TX"
53009,560,"Port Angeles, WA"
54077,566,"Morgantown, WV"
20107,194,"Kansas City, MO"
20117,206,"Concordia, KS"
40043,441,"Woodward, OK"
27155,281,"Milbank, SD"
27081,284,"Willmar, MN"
28075,9,"Meridian, MS"
28141,297,"Tupelo, MS"
5047,50,"Fort Smith, AR"
5135,52,"Batesville, AR"
12043,99,"Cape Coral, FL"
55071,577,"Sheboygan, WI"
56001,81,"Laramie, WY"
5097,45,"Hot Springs, AR"
22023,239,"Beaumont, TX & Lake Charles, LA"
31067,358,"Lincoln, NE"
31145,355,"McCook, NE"
28147,298,"McComb, MS & Brookhaven, MS"
29129,317,"Trenton, MO"
30011,328,"Baker, MT"
31129,345,"Hastings, NE"
37049,402,"Jacksonville, NC"
37175,400,"Asheville, NC"
13063,117,"Atlanta, GA"
13275,103,"Tallahassee, FL"
8039,72,"Denver, CO"
13069,106,"Douglas, GA"
33019,367,"Lebanon, NH & Claremont, NH"
35059,379,"Dumas, TX"
38081,413,"Lisbon, ND & Oakes, ND"
18053,165,"Muncie, IN"
31021,190,"Omaha, NE"
36117,390,"Rochester, NY"
13187,109,"Gainesville, GA"
13081,111,"Tifton, GA"
13197,7,"Columbus, GA"
18099,171,"South Bend, IN"
19037,186,"Decorah, IA"
19095,180,"Cedar Rapids, IA"
19073,182,"Ames, IA"
18085,163,"Fort Wayne, IN"
18131,167,"Logansport, IN"
19121,175,"Des Moines, IA"
20163,209,"Hays, KS"
20127,205,"Manhattan, KS"
36011,384,"Syracuse, NY"
13223,117,"Atlanta, GA"
13225,113,"Macon, GA & Warner Robins, GA"
48163,306,"San Antonio, TX"
20041,205,"Manhattan, KS"
20187,211,"Garden City, KS"
21169,222,"Glasgow, KY"
28091,306,"San Antonio, TX"
28119,303,"Oxford, MS"
20083,204,"Dodge City, KS"
21141,220,"Bowling Green, KY"
45037,471,"Hilton Head Island, SC & Aiken, SC & Bluffton, SC"
37171,404,"Winston-Salem, NC"
13155,111,"Tifton, GA"
48307,528,"Brady, TX"
48045,508,"Plainview, TX"
48003,376,"Odessa, TX & Midland, TX"
48463,519,"Uvalde, TX"
26119,270,"Houghton Lake, MI"
29017,312,"Cape Girardeau, MO"
29071,160,"St. Louis, MO"
30103,341,"Colstrip, MT & Lame Deer, MT"
46105,408,"Bowman, ND"
48117,374,"Clovis, NM"
50019,367,"Lebanon, NH & Claremont, NH"
13109,115,"Savannah, GA"
13201,103,"Tallahassee, FL"
15005,127,"Kahului, HI & Kihei, HI"
22007,241,"Houma, LA"
23019,250,"Bangor, ME"
27065,278,"Minneapolis, MN"
31185,357,"Grand Island, NE"
35049,371,"Albuquerque, NM"
37025,394,"Charlotte, NC"
72149,589,"Ponce, PR"
72049,592,"Culebra, PR"
12005,94,"Panama City, FL"
12111,95,"Palm Bay, FL & Port St. Lucie, FL"
29051,309,"Columbia, MO"
29137,322,"Moberly, MO"
30017,329,"Miles City, MT"
47039,491,"Jackson, TN"
72087,590,"San Juan, PR"
17099,145,"Peoria, IL"
13087,103,"Tallahassee, FL"
13045,6,"Anniston, AL"
46069,478,"Chamberlain, SD"
48439,527,"Fort Worth, TX"
30095,327,"Billings, MT"
31137,353,"Kearney, NE"
48113,445,"Dallas, TX"
48497,527,"Fort Worth, TX"
17115,148,"Decatur, IL"
17181,142,"Carbondale, IL"
17021,148,"Decatur, IL"
48085,445,"Dallas, TX"
48375,500,"Amarillo, TX"
48303,505,"Lubbock, TX"
48093,510,"Stephenville, TX & Brownwood, TX"
31141,350,"Columbus, NE"
31063,353,"Kearney, NE"
31093,357,"Grand Island, NE"
31081,357,"Grand Island, NE"
48251,527,"Fort Worth, TX"
48451,514,"San Angelo, TX"
48309,504,"Killeen, TX"
48059,512,"Abilene, TX"
48179,525,"Pampa, TX"
17191,150,"Olney, IL"
5033,50,"Fort Smith, AR"
48253,512,"Abilene, TX"
55041,575,"Rhinelander, WI"
55099,570,"Ashland, WI"
1093,12,"Hamilton, AL"
32019,361,"Reno, NV"
35061,371,"Albuquerque, NM"
48493,306,"San Antonio, TX"
48281,504,"Killeen, TX"
48177,515,"Gonzales, TX"
48305,505,"Lubbock, TX"
5077,39,"Forrest City, AR"
6071,37,"Los Angeles, CA"
6003,59,"San Diego, CA"
6049,69,"Klamath Falls, OR & Altamont, OR"
9150,88,"Hartford, CT & Bridgeport, CT"
8063,77,"Ulysses, KS"
26011,264,"Saginaw, MI"
36095,380,"Albany, NY"
36099,390,"Rochester, NY"
48151,520,"Sweetwater, TX"
48327,528,"Brady, TX"
48389,376,"Odessa, TX & Midland, TX"
48433,512,"Abilene, TX"
49021,364,"St. George, UT"
49027,539,"Delta, UT"
39085,420,"Cleveland, OH"
41029,457,"Medford, OR"
12015,97,"North Port, FL & Port Charlotte, FL"
12063,94,"Panama City, FL"
36037,381,"Buffalo, NY"
37001,391,"Burlington, NC"
37063,403,"Raleigh, NC"
49031,537,"Richfield, UT"
51109,542,"Charlottesville, VA"
51091,546,"Harrisonburg, VA"
51530,557,"Lexington, VA & Buena Vista, VA"
54041,566,"Morgantown, WV"
55137,573,"Appleton, WI"
42057,253,"Hagerstown, MD & Frederick, MD"
42039,385,"Erie, PA"
29161,318,"Rolla, MO"
17113,147,"Champaign, IL & Bloomington, IL"
17051,143,"Alton, IL"
26049,272,"Detroit, MI"
37191,405,"Greenville, NC"
37097,394,"Charlotte, NC"
55021,574,"Madison, WI"
55097,569,"Wausau, WI"
56031,583,"Torrington, WY"
56027,581,"Casper, WY"
29131,314,"Osage Beach, MO & Eldon, MO & Camdenton, MO"
29229,319,"West Plains, MO"
29177,194,"Kansas City, MO"
21015,225,"Cincinnati, OH"
36039,380,"Albany, NY"
37109,394,"Charlotte, NC"
37067,404,"Winston-Salem, NC"
38027,414,"Carrington, ND"
72119,590,"San Juan, PR"
72033,590,"San Juan, PR"
29001,307,"Kirksville, MO"
30107,327,"Billings, MT"
31111,347,"North Platte, NE"
51021,393,"Wytheville, VA & Galax, VA"
51600,91,"Washington, DC"
51580,543,"Covington, VA"
38041,344,"Dickinson, ND"
38057,412,"Bismarck, ND"
72053,590,"San Juan, PR"
72054,588,"Arecibo, PR"
31179,346,"Norfolk, NE"
31119,346,"Norfolk, NE"
31139,346,"Norfolk, NE"
31009,349,"Broken Bow, NE"
54105,430,"Parkersburg, WV"
55047,573,"Appleton, WI"
39049,428,"Columbus, OH"
39063,431,"Findlay, OH"
39077,429,"Sandusky, OH"
72107,587,"Cayey, PR"
31149,352,"O'Neill, NE"
37081,404,"Winston-Salem, NC"
37195,406,"Rocky Mount, NC & Wilson, NC"
21143,231,"Henderson, KY"
21057,234,"Somerset, KY"
39033,419,"Mansfield, OH"
39165,225,"Cincinnati, OH"
39129,428,"Columbus, OH"
72013,588,"Arecibo, PR"
72125,591,"San Germán, PR & Mayagüez, PR"
38063,410,"Counties: Benson Co., ND, Nelson Co., ND, Ramsey Co., ND"
38045,413,"Lisbon, ND & Oakes, ND"
38039,409,"Valley City, ND"
38065,412,"Bismarck, ND"
21039,159,"Paducah, KY"
22095,240,"New Orleans, LA"
40103,444,"Stillwater, OK"
40005,435,"Ardmore, OK"
72043,589,"Ponce, PR"
72129,586,"Caguas, PR"
39097,428,"Columbus, OH"
39169,423,"Canton, OH"
40107,440,"Tulsa, OK"
27007,277,"Bemidji, MN & Brainerd, MN"
27001,277,"Bemidji, MN & Brainerd, MN"
27033,286,"Worthington, MN"
27051,288,"Alexandria, MN & Fergus Falls, MN"
42079,469,"Scranton, PA"
42081,466,"Williamsport, PA"
72019,587,"Cayey, PR"
72027,588,"Arecibo, PR"
40039,436,"Weatherford, OK & Elk City, OK"
40029,435,"Ardmore, OK"
41053,449,"Portland, OR"
27165,282,"Mankato, MN"
28085,298,"McComb, MS & Brookhaven, MS"
28019,302,"Starkville, MS & Columbus, MS"
28069,9,"Meridian, MS"
42075,462,"Harrisburg, PA & Lancaster, PA"
42019,463,"Pittsburgh, PA"
45011,471,"Hilton Head Island, SC & Aiken, SC & Bluffton, SC"
72069,586,"Caguas, PR"
72089,590,"San Juan, PR"
42021,464,"Altoona, PA"
46017,478,"Chamberlain, SD"
46079,295,"Sioux Falls, SD"
46049,477,"Aberdeen, SD"
28077,298,"McComb, MS & Brookhaven, MS"
29123,321,"Farmington, MO"
29187,321,"Farmington, MO"
29049,195,"St. Joseph, MO"
45039,472,"Columbia, SC"
46037,281,"Milbank, SD"
46115,477,"Aberdeen, SD"
72035,587,"Cayey, PR"
72123,589,"Ponce, PR"
72115,585,"Aguadilla, PR"
13307,122,"Americus, GA"
30109,344,"Dickinson, ND"
29079,317,"Trenton, MO"
29121,322,"Moberly, MO"
29061,317,"Trenton, MO"
46021,417,"Mobridge, SD"
47141,492,"Cookeville, TN"
47077,491,"Jackson, TN"
72103,590,"San Juan, PR"
72091,588,"Arecibo, PR"
18091,174,"Hammond, IN & Michigan City, IN & Gary, IN"
26015,262,"Grand Rapids, MI"
20023,203,"Atwood, KS & St. Francis, KS"
40111,440,"Tulsa, OK"
48367,527,"Fort Worth, TX"
48385,519,"Uvalde, TX"
31105,348,"Cheyenne, WY"
31033,87,"Sidney, NE"
72083,591,"San Germán, PR & Mayagüez, PR"
72081,588,"Arecibo, PR"
34037,369,"Newark, NJ & Jersey City, NJ"
31143,357,"Grand Island, NE"
40069,435,"Ardmore, OK"
1133,5,"Birmingham, AL"
37143,401,"Virginia Beach, VA"
40001,433,"Muskogee, OK"
40041,439,"Miami, OK"
31169,345,"Hastings, NE"
38087,408,"Bowman, ND"
19171,181,"Waterloo, IA"
31125,350,"Columbus, NE"
55039,573,"Appleton, WI"
51510,91,"Washington, DC"
30021,329,"Miles City, MT"
31053,190,"Omaha, NE"
35027,377,"Alamogordo, NM"
16047,134,"Twin Falls, ID"
47131,159,"Paducah, KY"
37157,404,"Winston-Salem, NC"
29101,311,"Sedalia, MO & Warrensburg, MO"
31013,351,"Alliance, NE"
30067,338,"Livingston, MT"
39027,425,"Washington Court House, OH & Wilmington, OH"
46059,478,"Chamberlain, SD"
46129,417,"Mobridge, SD"
51590,391,"Burlington, NC"
55109,278,"Minneapolis, MN"
48247,509,"Alice, TX"
17081,151,"Mount Vernon, IL & Centralia, IL"
26149,171,"South Bend, IN"
13211,108,"Milledgeville, GA"
47071,491,"Jackson, TN"
47083,232,"Clarksville, TN"
48133,518,"Graham, TX"
22047,246,"Baton Rouge, LA"
38031,414,"Carrington, ND"
20185,197,"Great Bend, KS"
21163,230,"Elizabethtown, KY"
31073,353,"Kearney, NE"
39163,432,"Chillicothe, OH & Portsmouth, OH"
29181,313,"Poplar Bluff, MO"
31133,199,"Falls City, NE"
37189,395,"Boone, NC"
72151,586,"Caguas, PR"
13159,117,"Atlanta, GA"
42121,385,"Erie, PA"
46057,476,"Brookings, SD & Watertown, SD"
48021,502,"Austin, TX"
48285,511,"Victoria, TX"
40071,444,"Stillwater, OK"
46081,479,"Rapid City, SD"
48267,528,"Brady, TX"
29053,309,"Columbia, MO"
1113,7,"Columbus, GA"
12079,99,"Cape Coral, FL"
18159,166,"Indianapolis, IN"
24013,252,"Baltimore, MD"
37149,407,"Spartanburg, SC"
44009,256,"Providence, RI"
54075,564,"Elkins, WV"
56033,324,"Sheridan, WY"
13077,7,"Columbus, GA"
21165,223,"Mount Sterling, KY & Morehead, KY"
32001,361,"Reno, NV"
46085,478,"Chamberlain, SD"
51037,549,"South Boston, VA & Farmville, VA"
55035,296,"Eau Claire, WI"
72007,586,"Caguas, PR"
72005,585,"Aguadilla, PR"
50011,540,"Burlington, VT"
5053,49,"Little Rock, AR"
51683,91,"Washington, DC"
25021,254,"Boston, MA"
12091,100,"Pensacola, FL"
17055,142,"Carbondale, IL"
31029,355,"McCook, NE"
55055,576,"Milwaukee, WI"
55113,571,"Rice Lake, WI"
1081,7,"Columbus, GA"
39069,427,"Toledo, OH"
51570,544,"Richmond, VA"
28047,305,"Gulfport, MS"
30075,341,"Colstrip, MT & Lame Deer, MT"
17111,152,"Chicago, IL"
17201,144,"Rockford, IL"
18003,163,"Fort Wayne, IN"
13099,3,"Dothan, AL"
20017,201,"Emporia, KS"
26123,262,"Grand Rapids, MI"
8101,78,"Colorado Springs, CO"
21117,225,"Cincinnati, OH"
21103,168,"Louisville, KY"
48393,525,"Pampa, TX"
28099,9,"Meridian, MS"
17127,159,"Paducah, KY"
19057,155,"Burlington, IA"
20003,194,"Kansas City, MO"
28131,305,"Gulfport, MS"
1019,8,"Gadsden, AL"
17187,156,"Davenport, IA"
29067,319,"West Plains, MO"
31151,358,"Lincoln, NE"
39047,425,"Washington Court House, OH & Wilmington, OH"
13281,124,"Andrews, NC"
16009,133,"Coeur d'Alene, ID"
47051,487,"Murfreesboro, TN"
47101,496,"Spring Hill, TN"
18025,168,"Louisville, KY"
19193,192,"Sioux City, IA"
27115,278,"Minneapolis, MN"
29173,141,"Quincy, IL"
31157,348,"Cheyenne, WY"
47139,118,"Chattanooga, TN"
48217,504,"Killeen, TX"
51061,552,"Culpeper, VA"
28031,304,"Hattiesburg, MS"
29015,311,"Sedalia, MO & Warrensburg, MO"
31183,359,"Ord, NE"
37135,403,"Raleigh, NC"
26079,263,"Traverse City, MI"
13131,103,"Tallahassee, FL"
17139,148,"Decatur, IL"
19181,175,"Des Moines, IA"
36089,387,"Plattsburgh, NY"
37169,404,"Winston-Salem, NC"
51065,542,"Charlottesville, VA"
51685,91,"Washington, DC"
55049,574,"Madison, WI"
37197,404,"Winston-Salem, NC"
38091,294,"Grand Forks, ND"
39089,428,"Columbus, OH"
20045,208,"Topeka, KS"
20111,201,"Emporia, KS"
21207,219,"Bardstown, KY & Campbellsville, KY"
38029,415,"Jamestown, ND"
39141,432,"Chillicothe, OH & Portsmouth, OH"
55078,572,"Green Bay, WI"
1059,10,"Huntsville, AL"
1111,6,"Anniston, AL"
5127,50,"Fort Smith, AR"
40127,57,"Idabel, OK & De Queen, AR & Mena, AR"
42109,466,"Williamsport, PA"
46067,480,"Parkston, SD"
48457,498,"Lufkin, TX"
21233,231,"Henderson, KY"
39009,421,"Athens, OH"
1123,6,"Anniston, AL"
40053,434,"Enid, OK"
8045,80,"Rifle, CO & Edwards, CO & Glenwood Springs, CO & Gypsum, CO"
17163,160,"St. Louis, MO"
47171,489,"Johnson City, TN"
48129,500,"Amarillo, TX"
48345,529,"County: Motley Co., TX"
51730,544,"Richmond, VA"
47181,496,"Spring Hill, TN"
49053,364,"St. George, UT"
50013,540,"Burlington, VT"
18153,149,"Terre Haute, IN"
17085,158,"Dubuque, IA"
26075,274,"Jackson, MI"
19007,178,"Ottumwa, IA"
55141,569,"Wausau, WI"
72137,590,"San Juan, PR"
72077,586,"Caguas, PR"
50007,540,"Burlington, VT"
5071,54,"Russellville, AR"
51197,393,"Wytheville, VA & Galax, VA"
53007,559,"Wenatchee, WA"
55073,569,"Wausau, WI"
55131,576,"Milwaukee, WI"
20011,198,"Joplin, MO"
21213,220,"Bowling Green, KY"
40081,437,"Oklahoma City, OK"
72045,590,"San Juan, PR"
72135,590,"San Juan, PR"
42001,462,"Harrisburg, PA & Lancaster, PA"
8014,72,"Denver, CO"
48109,375,"El Paso, TX"
48047,509,"Alice, TX"
27005,279,"Fargo, ND"
1053,11,"Andalusia, AL & Atmore, AL"
17093,152,"Chicago, IL"
40049,435,"Ardmore, OK"
25003,255,"Pittsfield, MA"
48165,523,"Seminole, TX"
56041,132,"Evanston, WY"
5137,52,"Batesville, AR"
27151,284,"Willmar, MN"
28135,303,"Oxford, MS"
20131,199,"Falls City, NE"
19143,191,"Sioux Center, IA"
20007,196,"Pratt, KS"
21191,225,"Cincinnati, OH"
28005,298,"McComb, MS & Brookhaven, MS"
29133,312,"Cape Girardeau, MO"
13145,7,"Columbus, GA"
18137,170,"Greensburg, IN"
20169,210,"Salina, KS"
29107,194,"Kansas City, MO"
18139,166,"Indianapolis, IN"
19015,182,"Ames, IA"
19009,179,"Denison, IA & Atlantic, IA"
40059,441,"Woodward, OK"
42025,465,"Allentown, PA"
31127,308,"Nebraska City, NE"
33011,365,"Nashua, NH"
21171,222,"Glasgow, KY"
28129,304,"Hattiesburg, MS"
29215,319,"West Plains, MO"
29125,318,"Rolla, MO"
20073,201,"Emporia, KS"
20071,213,"Goodland, KS"
46051,281,"Milbank, SD"
48485,438,"Wichita Falls, TX & Lawton, OK"
47175,492,"Cookeville, TN"
48145,504,"Killeen, TX"
37011,395,"Boone, NC"
39105,421,"Athens, OH"
37037,403,"Raleigh, NC"
38093,415,"Jamestown, ND"
42131,469,"Scranton, PA"
50005,367,"Lebanon, NH & Claremont, NH"
5043,40,"Pine Bluff, AR"
12027,97,"North Port, FL & Port Charlotte, FL"
48487,521,"Vernon, TX"
22005,240,"New Orleans, LA"
26039,270,"Houghton Lake, MI"
41011,451,"Roseburg, OR"
46089,477,"Aberdeen, SD"
45081,472,"Columbia, SC"
13117,109,"Gainesville, GA"
48415,503,"Snyder, TX"
48417,512,"Abilene, TX"
27037,278,"Minneapolis, MN"
27125,294,"Grand Forks, ND"
48197,521,"Vernon, TX"
50003,255,"Pittsfield, MA"
47179,489,"Johnson City, TN"
48009,438,"Wichita Falls, TX & Lawton, OK"
48275,503,"Snyder, TX"
22089,240,"New Orleans, LA"
28071,303,"Oxford, MS"
28117,297,"Tupelo, MS"
29175,322,"Moberly, MO"
51043,551,"Winchester, VA"
5125,49,"Little Rock, AR"
48331,504,"Killeen, TX"
53013,460,"Kennewick, WA"
27149,288,"Alexandria, MN & Fergus Falls, MN"
27101,286,"Worthington, MN"
28127,304,"Hattiesburg, MS"
31069,87,"Sidney, NE"
31035,345,"Hastings, NE"
35037,373,"Las Vegas, NM"
36049,389,"Watertown, NY"
13097,117,"Atlanta, GA"
13043,115,"Savannah, GA"
18169,163,"Fort Wayne, IN"
19023,181,"Waterloo, IA"
72065,588,"Arecibo, PR"
28155,302,"Starkville, MS & Columbus, MS"
29039,316,"Nevada, MO"
31077,359,"Ord, NE"
38061,411,"Minot, ND"
39143,429,"Sandusky, OH"
19153,175,"Des Moines, IA"
19049,175,"Des Moines, IA"
20001,193,"Parsons, KS & Chanute, KS"
72095,586,"Caguas, PR"
17039,147,"Champaign, IL & Bloomington, IL"
5027,48,"Magnolia, AR"
40019,435,"Ardmore, OK"
21019,226,"Huntington, WV"
39119,430,"Parkersburg, WV"
40153,441,"Woodward, OK"
46061,475,"Mitchell, SD & Huron, SD"
46045,477,"Aberdeen, SD"
20197,208,"Topeka, KS"
21211,168,"Louisville, KY"
27093,293,"Otsego, MN & St. Michael, MN"
39015,225,"Cincinnati, OH"
17103,144,"Rockford, IL"
